구분,과목코드,분반,교과목명,담당교수,강의시간,학점,수강인원,제한인원
교양필수,922601,01,AI시대의컴퓨팅사고,김선경,화11:30-13:30,2,,
교양필수,922601,02,AI시대의컴퓨팅사고,박효진,화11:30-13:30,2,,
교양필수,922601,03,AI시대의컴퓨팅사고,김지연,금09:30-11:30,2,,
교양필수,922601,04,AI시대의컴퓨팅사고,김상오,금09:30-11:30,2,,
교양필수,922601,05,AI시대의컴퓨팅사고,김선경,금09:30-11:30,2,,
교양필수,922601,06,AI시대의컴퓨팅사고,이윤정,월11:30-13:30,2,,
교양필수,922601,07,AI시대의컴퓨팅사고,김상오,금11:30-13:30,2,,
교양필수,922601,08,AI시대의컴퓨팅사고,김선경,금11:30-13:30,2,,
교양필수,922601,09,AI시대의컴퓨팅사고,이윤정,수09:30-11:30,2,,
교양필수,922601,10,AI시대의컴퓨팅사고,이윤정,수11:30-13:30,2,,
교양필수,922601,11,AI시대의컴퓨팅사고,김상오,수11:30-13:30,2,,
교양필수,922601,12,AI시대의컴퓨팅사고,김선경,화09:30-11:30,2,,
교양필수,922601,13,AI시대의컴퓨팅사고,김지연,화09:30-11:30,2,,
교양필수,922601,14,AI시대의컴퓨팅사고,박효진,화09:30-11:30,2,,
교양필수,922601,15,AI시대의컴퓨팅사고,김선경,수09:30-11:30,2,,
교양필수,922601,16,AI시대의컴퓨팅사고,김지연,수09:30-11:30,2,,
교양필수,922601,17,AI시대의컴퓨팅사고,김지연,목09:30-11:30,2,,
교양필수,922601,18,AI시대의컴퓨팅사고,김상오,목09:30-11:30,2,,
교양필수,922601,19,AI시대의컴퓨팅사고,김상오,목11:30-13:30,2,,
교양필수,922601,20,AI시대의컴퓨팅사고,김선경,월09:30-11:30,2,,
교양필수,922601,21,AI시대의컴퓨팅사고,박효진,월09:30-11:30,2,,
교양필수,922601,22,AI시대의컴퓨팅사고,이윤정,월09:30-11:30,2,,
교양필수,922601,23,AI시대의컴퓨팅사고,김선경,월11:30-13:30,2,,
교양필수,922601,24,AI시대의컴퓨팅사고,박효진,월11:30-13:30,2,,
교양필수,927283,01,사고와표현,정연희,수15:30-17:30,2,,
교양필수,927283,02,사고와표현,박동근,월09:30-11:30,2,,
교양필수,927283,03,사고와표현,박동근,화09:30-11:30,2,,
교양필수,927283,04,사고와표현,김도환,월09:30-11:30,2,,
교양필수,927283,05,사고와표현,김도환,수09:30-11:30,2,,
교양필수,927283,06,사고와표현,김연희,수09:30-11:30,2,,
교양필수,927283,07,사고와표현,박동근,목09:30-11:30,2,,
교양필수,927283,08,사고와표현,김도환,수11:30-13:30,2,,
교양필수,927283,09,사고와표현,신유식,목09:30-11:30,2,,
교양필수,927283,10,사고와표현,김연희,월09:30-11:30,2,,
교양필수,927283,11,사고와표현,정연희,화09:30-11:30,2,,
교양필수,927283,12,사고와표현,김도환,화09:30-11:30,2,,
교양필수,927283,13,사고와표현,신유식,화09:30-11:30,2,,
교양필수,927283,14,사고와표현,정연희,화11:30-13:30,2,,
교양필수,927283,15,사고와표현,김도환,화11:30-13:30,2,,
교양필수,927283,16,사고와표현,신유식,화11:30-13:30,2,,
교양필수,927283,17,사고와표현,박동근,목11:30-13:30,2,,
교양필수,927283,18,사고와표현,신유식,목11:30-13:30,2,,
교양필수,927283,19,사고와표현,김연희,월11:30-13:30,2,,
교양필수,927283,20,사고와표현,김연희,수11:30-13:30,2,,
교양필수,927283,21,사고와표현,박동근,월11:30-13:30,2,,
교양필수,927283,22,사고와표현,정연희,월11:30-13:30,2,,
교양필수,927283,23,사고와표현,김도환,월11:30-13:30,2,,
교양필수,927283,24,사고와표현,임보연,화09:30-11:30,2,,
교양필수,927283,25,사고와표현,임보연,화11:30-13:30,2,,
교양필수,927283,26,사고와표현,임보연,수09:30-11:30,2,,
교양필수,927283,27,사고와표현,임보연,수11:30-13:30,2,,
교양필수,927284,01,영어읽기와토론,배주현,화11:30-13:30,2,,
교양필수,927284,02,영어읽기와토론,임도현,화11:30-13:30,2,,
교양필수,927284,03,영어읽기와토론,변효정,화11:30-13:30,2,,
교양필수,927284,04,영어읽기와토론,임도현,화09:30-11:30,2,,
교양필수,927284,05,영어읽기와토론,김한규,화09:30-11:30,2,,
교양필수,927284,06,영어읽기와토론,변효정,목11:30-13:30,2,,
교양필수,927284,07,영어읽기와토론,김한규,수09:30-11:30,2,,
교양필수,927284,08,영어읽기와토론,임도현,수11:30-13:30,2,,
교양필수,927284,09,영어읽기와토론,김한규,수11:30-13:30,2,,
교양필수,927284,10,영어읽기와토론,변효정,수11:30-13:30,2,,
교양필수,927284,11,영어읽기와토론,임도현,수09:30-11:30,2,,
교양필수,927284,12,영어읽기와토론,김한규,금09:30-11:30,2,,
교양필수,927284,13,영어읽기와토론,임도현,목09:30-11:30,2,,
교양필수,927284,14,영어읽기와토론,김한규,목09:30-11:30,2,,
교양필수,927284,15,영어읽기와토론,변효정,목09:30-11:30,2,,
교양필수,927284,16,영어읽기와토론,김한규,목11:30-13:30,2,,
교양필수,927284,17,영어읽기와토론,임도현,목11:30-13:30,2,,
교양필수,927284,18,영어읽기와토론,김한규,금11:30-13:30,2,,
교양필수,927284,19,영어읽기와토론,김호정,월09:30-11:30,2,,
교양필수,927284,20,영어읽기와토론,김한규,월09:30-11:30,2,,
교양필수,927284,21,영어읽기와토론,변효정,월11:30-13:30,2,,
교양필수,927284,22,영어읽기와토론,임도현,월11:30-13:30,2,,
교양필수,927284,23,영어읽기와토론,김한규,월11:30-13:30,2,,
교양필수,927311,01,대학생활과진로,취업강사11,,1,,
교양필수,927430,01,대순사상과상생윤리,최치봉,화11:30-13:30,2,,
교양필수,927430,02,대순사상과상생윤리,연영흠,화09:30-11:30,2,,
교양필수,927430,03,대순사상과상생윤리,연영흠,화11:30-13:30,2,,
교양필수,927430,04,대순사상과상생윤리,연영흠,수09:30-11:30,2,,
교양필수,927430,05,대순사상과상생윤리,연영흠,수11:30-13:30,2,,
교양필수,927430,06,대순사상과상생윤리,황희연,월11:30-13:30,2,,
교양필수,927430,07,대순사상과상생윤리,황희연,월13:30-15:30,2,,
교양필수,927430,08,대순사상과상생윤리,황희연,월15:30-17:30,2,,
교양필수,927430,09,대순사상과상생윤리,김태수,월09:30-11:30,2,,
교양필수,927430,10,대순사상과상생윤리,김태수,월11:30-13:30,2,,
교양필수,927430,11,대순사상과상생윤리,김태수,화09:30-11:30,2,,
교양필수,927430,12,대순사상과상생윤리,김태수,화11:30-13:30,2,,
교양필수,927430,13,대순사상과상생윤리,김대현,목09:30-11:30,2,,
교양필수,927430,14,대순사상과상생윤리,김대현,목11:30-13:30,2,,
교양필수,927430,15,대순사상과상생윤리,김대현,금09:30-11:30,2,,
교양필수,927430,16,대순사상과상생윤리,김대현,금11:30-13:30,2,,
교양필수,927430,17,대순사상과상생윤리,김의성,수09:30-11:30,2,,
교양필수,927430,18,대순사상과상생윤리,김의성,수11:30-13:30,2,,
교양필수,927430,19,대순사상과상생윤리,김의성,목09:30-11:30,2,,
교양필수,927430,20,대순사상과상생윤리,김의성,목11:30-13:30,2,,
교양필수,927430,21,대순사상과상생윤리,나권수,목09:30-11:30,2,,
교양필수,927430,22,대순사상과상생윤리,편경일,수09:30-11:30,2,,
교양필수,927430,23,대순사상과상생윤리,편경일,수13:30-15:30,2,,
교양필수,927430,24,대순사상과상생윤리,김태수,월18:25-20:05,2,,
교양필수,927430,25,대순사상과상생윤리,김진영,수20:05-21:45,2,,
교양필수,927381,01,LCT(LearningbyCommunication＆Teamwork),정소명,화09:30-11:30,2,,
교양필수,927381,02,LCT(LearningbyCommunication＆Teamwork),정소명,화11:30-13:30,2,,
교양필수,927381,03,LCT(LearningbyCommunication＆Teamwork),정소명,수09:30-11:30,2,,
교양필수,927381,04,LCT(LearningbyCommunication＆Teamwork),정소명,목09:30-11:30,2,,
교양필수,927381,05,LCT(LearningbyCommunication＆Teamwork),정소명,목11:30-13:30,2,,
교양필수,927381,06,LCT(LearningbyCommunication＆Teamwork),정소명,금09:30-11:30,2,,
교양필수,927381,07,LCT(LearningbyCommunication＆Teamwork),김승남,화09:30-11:30,2,,
교양필수,927381,08,LCT(LearningbyCommunication＆Teamwork),김승남,수09:30-11:30,2,,
교양필수,927381,09,LCT(LearningbyCommunication＆Teamwork),김승남,수11:30-13:30,2,,
교양필수,927381,10,LCT(LearningbyCommunication＆Teamwork),김승남,목09:30-11:30,2,,
교양필수,927381,11,LCT(LearningbyCommunication＆Teamwork),김승남,금09:30-11:30,2,,
교양필수,927381,12,LCT(LearningbyCommunication＆Teamwork),김승남,금11:30-13:30,2,,
교양필수,927381,13,LCT(LearningbyCommunication＆Teamwork),조용기,월09:30-11:30,2,,
교양필수,927381,14,LCT(LearningbyCommunication＆Teamwork),조용기,화09:30-11:30,2,,
교양필수,927381,15,LCT(LearningbyCommunication＆Teamwork),조용기,수09:30-11:30,2,,
교양필수,927381,16,LCT(LearningbyCommunication＆Teamwork),조용기,목09:30-11:30,2,,
교양필수,927381,17,LCT(LearningbyCommunication＆Teamwork),정영웅,월09:30-11:30,2,,
교양필수,927381,18,LCT(LearningbyCommunication＆Teamwork),정영웅,월11:30-13:30,2,,
교양필수,927381,19,LCT(LearningbyCommunication＆Teamwork),정영웅,화09:30-11:30,2,,
교양필수,927381,20,LCT(LearningbyCommunication＆Teamwork),정영웅,화11:30-13:30,2,,
교양필수,927381,21,LCT(LearningbyCommunication＆Teamwork),손영경,월13:30-15:30,2,,
교양선택(제1영역:인간과소통),001022,01,일본어회화,박선옥,월09:30-11:30,2,,
교양선택(제1영역:인간과소통),001022,02,일본어회화,박선옥,월11:30-13:30,2,,
교양선택(제1영역:인간과소통),001022,03,일본어회화,박선옥,화09:30-11:30,2,,
교양선택(제1영역:인간과소통),001022,04,일본어회화,박선옥,수09:30-11:30,2,,
교양선택(제1영역:인간과소통),001022,05,일본어회화,박선옥,수11:30-13:30,2,,
교양선택(제1영역:인간과소통),001022,06,일본어회화,박선옥,목11:30-13:30,2,,
교양선택(제1영역:인간과소통),001022,07,일본어회화,김창남,수13:30-15:30,2,,
교양선택(제1영역:인간과소통),001022,08,일본어회화,김창남,목09:30-11:30,2,,
교양선택(제1영역:인간과소통),001022,09,일본어회화,김창남,목11:30-13:30,2,,
교양선택(제1영역:인간과소통),001022,10,일본어회화,노은미,월09:30-11:30,2,,
교양선택(제1영역:인간과소통),001022,11,일본어회화,노은미,월11:30-13:30,2,,
교양선택(제1영역:인간과소통),001022,12,일본어회화,노은미,화09:30-11:30,2,,
교양선택(제1영역:인간과소통),001022,13,일본어회화,노은미,화11:30-13:30,2,,
교양선택(제1영역:인간과소통),001022,14,일본어회화,노은미,화13:30-15:30,2,,
교양선택(제1영역:인간과소통),004127,01,인간과언어,김연희,월13:30-15:30,2,,
교양선택(제1영역:인간과소통),004402,01,응급처치법,임기태,화09:30-11:30,2,,
교양선택(제1영역:인간과소통),004402,02,응급처치법,임기태,화11:30-13:30,2,,
교양선택(제1영역:인간과소통),004416,01,인간과신화,김영주,금21:20-22:10,2,,
교양선택(제1영역:인간과소통),004421,01,인간과종교,이현,화11:30-13:30,2,,
교양선택(제1영역:인간과소통),004421,02,인간과종교,이현,화13:30-15:30,2,,
교양선택(제1영역:인간과소통),005086,01,인문학과자기경영의만남,김영미,,3,,
교양선택(제1영역:인간과소통),921019,01,동시대의문학체험,신종곤,금09:30-11:30,2,,
교양선택(제1영역:인간과소통),921022,01,초급영어청취,이희정,목11:30-13:30,2,,
교양선택(제1영역:인간과소통),922502,01,고전인문학산책,임보연,목09:30-11:30,2,,
교양선택(제1영역:인간과소통),922503,01,세계전쟁사,최한진,수09:30-11:30,2,,
교양선택(제1영역:인간과소통),922503,02,세계전쟁사,최한진,수13:30-15:30,2,,
교양선택(제1영역:인간과소통),922504,01,한국전쟁사,최한진,화09:30-11:30,2,,
교양선택(제1영역:인간과소통),922504,02,한국전쟁사,최한진,화11:30-13:30,2,,
교양선택(제1영역:인간과소통),922504,03,한국전쟁사,최한진,화13:30-15:30,2,,
교양선택(제1영역:인간과소통),922505,01,타로와심리학,김영환,화13:30-15:30,2,,
교양선택(제1영역:인간과소통),922505,02,타로와심리학,김영환,목13:30-15:30,2,,
교양선택(제1영역:인간과소통),927001,01,토익입문,이희정,월09:30-11:30,2,,
교양선택(제1영역:인간과소통),927001,02,토익입문,이희정,월11:30-13:30,2,,
교양선택(제1영역:인간과소통),927001,03,토익입문,이희정,월13:30-15:30,2,,
교양선택(제1영역:인간과소통),927006,01,중국어입문,임지강,수11:30-13:30,2,,
교양선택(제1영역:인간과소통),927009,01,중국어회화,임지강,수13:30-15:30,2,,
교양선택(제1영역:인간과소통),927009,02,중국어회화,임지강,수15:30-17:30,2,,
교양선택(제1영역:인간과소통),927011,01,일본어입문,김창남,수09:30-11:30,2,,
교양선택(제1영역:인간과소통),927011,02,일본어입문,김창남,수11:30-13:30,2,,
교양선택(제1영역:인간과소통),927034,01,초급영어독해,백승봉,수19:15-20:05,2,,
교양선택(제1영역:인간과소통),927042,01,토익RC,이창원,수09:30-11:30,2,,
교양선택(제1영역:인간과소통),927042,02,토익RC,이창원,수11:30-13:30,2,,
교양선택(제1영역:인간과소통),927042,03,토익RC,이창원,수13:30-15:30,2,,
교양선택(제1영역:인간과소통),927043,01,토익LC,김호정,화09:30-11:30,2,,
교양선택(제1영역:인간과소통),927043,02,토익LC,김호정,화11:30-13:30,2,,
교양선택(제1영역:인간과소통),927043,03,토익LC,김호정,화13:30-15:30,2,,
교양선택(제1영역:인간과소통),927089,01,영미명작과영화,양균원,화09:30-11:30,2,,
교양선택(제1영역:인간과소통),927092,01,한국사,김형기,목09:30-11:30,2,,
교양선택(제1영역:인간과소통),927094,01,동양철학의이해,이현,월09:30-11:30,2,,
교양선택(제1영역:인간과소통),927094,02,동양철학의이해,이현,화09:30-11:30,2,,
교양선택(제1영역:인간과소통),927100,01,인물로풀어본중국역사,김덕삼,월15:30-17:30,2,,
교양선택(제1영역:인간과소통),927100,02,인물로풀어본중국역사,김덕삼,화15:30-17:30,2,,
교양선택(제1영역:인간과소통),927104,01,노자와공자의사상,김덕삼,목19:40-20:30,2,,
교양선택(제1영역:인간과소통),927143,01,영어쓰기,임도현,월15:30-17:30,2,,
교양선택(제1영역:인간과소통),927146,01,실용일본어,박선옥,화11:30-13:30,2,,
교양선택(제1영역:인간과소통),927147,01,영상일본어,박선옥,화13:30-15:30,2,,
교양선택(제1영역:인간과소통),927147,02,영상일본어,노은미,월13:30-15:30,2,,
교양선택(제1영역:인간과소통),927210,01,예비부모교육,손영경,화11:30-13:30,2,,
교양선택(제1영역:인간과소통),927210,02,예비부모교육,손영경,목09:30-11:30,2,,
교양선택(제1영역:인간과소통),927238,01,한국문화로배우는영어,Sarah Choi,목21:20-22:10,2,,
교양선택(제1영역:인간과소통),927290,01,토익어휘,변효정,수13:30-15:30,2,,
교양선택(제1영역:인간과소통),927299,01,JLPT중급(N4/N3),김창남,목13:30-15:30,2,,
교양선택(제1영역:인간과소통),927300,01,JLPT고급(N2/N1),박선옥,수13:30-15:30,2,,
교양선택(제1영역:인간과소통),927314,01,21세기한국소설의이해,정연희,월15:30-17:30,2,,
교양선택(제1영역:인간과소통),927314,02,21세기한국소설의이해,정연희,수11:30-13:30,2,,
교양선택(제1영역:인간과소통),927330,01,초급생활영어회화,Mark Burman,화13:30-15:30,2,,
교양선택(제1영역:인간과소통),927330,02,초급생활영어회화,Mark Burman,수09:30-11:30,2,,
교양선택(제1영역:인간과소통),927330,03,초급생활영어회화,Mark Burman,수11:30-13:30,2,,
교양선택(제1영역:인간과소통),927330,04,초급생활영어회화,Mark Burman,목13:30-15:30,2,,
교양선택(제1영역:인간과소통),927330,05,초급생활영어회화,HILL BRIAN D,화11:30-13:30,2,,
교양선택(제1영역:인간과소통),927330,06,초급생활영어회화,HILL BRIAN D,화13:30-15:30,2,,
교양선택(제1영역:인간과소통),927330,07,초급생활영어회화,HILL BRIAN D,수13:30-15:30,2,,
교양선택(제1영역:인간과소통),927330,08,초급생활영어회화,HILL BRIAN D,목11:30-13:30,2,,
교양선택(제1영역:인간과소통),927330,09,초급생활영어회화,HILL BRIAN D,목13:30-15:30,2,,
교양선택(제1영역:인간과소통),927330,10,초급생활영어회화,HILL BRIAN D,금13:30-15:30,2,,
교양선택(제1영역:인간과소통),927330,11,초급생활영어회화,Sarah Choi,화11:30-13:30,2,,
교양선택(제1영역:인간과소통),927332,01,OPIc,김호정,월11:30-13:30,2,,
교양선택(제1영역:인간과소통),927332,02,OPIc,김호정,월13:30-15:30,2,,
교양선택(제1영역:인간과소통),927333,01,KoreanLanguage(E),Sarah Choi,금21:20-22:10,2,,
교양선택(제1영역:인간과소통),927370,01,역사에서미래를읽다,박윤선,화15:30-17:30,2,,
교양선택(제1영역:인간과소통),927385,01,문학치유,나병준,수15:30-17:30,2,,
교양선택(제1영역:인간과소통),927404,01,언어의이해,나병모,월15:30-17:30,2,,
교양선택(제1영역:인간과소통),927404,02,언어의이해,김한규,월15:30-17:30,2,,
교양선택(제1영역:인간과소통),927413,01,다이나믹생활영어회화,Mark Burman,월11:30-13:30,2,,
교양선택(제1영역:인간과소통),927413,02,다이나믹생활영어회화,Mark Burman,수13:30-15:30,2,,
교양선택(제1영역:인간과소통),927413,03,다이나믹생활영어회화,Sarah Choi,목13:30-15:30,2,,
교양선택(제1영역:인간과소통),927431,01,한글과문자론,박동근,수09:30-11:30,2,,
교양선택(제1영역:인간과소통),927432,01,생활한자,임보연,월11:30-13:30,2,,
교양선택(제1영역:인간과소통),927432,02,생활한자,임보연,월13:30-15:30,2,,
교양선택(제1영역:인간과소통),927433,01,한국소설과영화,장혜련,수13:30-15:30,2,,
교양선택(제1영역:인간과소통),927435,01,일상문화와철학,김덕삼,화09:30-11:30,2,,
교양선택(제1영역:인간과소통),927435,02,일상문화와철학,김덕삼,화11:30-13:30,2,,
교양선택(제2영역:사회와경제),004512,01,경제와사회,권선희,월13:30-15:30,2,,
교양선택(제2영역:사회와경제),004531,01,법과여성,이종덕,화11:30-13:30,2,,
교양선택(제2영역:사회와경제),004531,02,법과여성,이종덕,수13:30-15:30,2,,
교양선택(제2영역:사회와경제),007009,01,현대중국경제의이해,배규한,월18:25-19:15,2,,
교양선택(제2영역:사회와경제),008116,01,북한학,김갑수,목11:30-13:30,2,,
교양선택(제2영역:사회와경제),922506,01,다종교사회와종교문화,이현,월11:30-13:30,2,,
교양선택(제2영역:사회와경제),922506,02,다종교사회와종교문화,이현,월13:30-15:30,2,,
교양선택(제2영역:사회와경제),922507,01,통일인문사회독해,이철수,월15:30-17:30,2,,
교양선택(제2영역:사회와경제),922508,01,ESG경영과리스크관리,신선해,월15:30-17:30,2,,
교양선택(제2영역:사회와경제),922508,02,ESG경영과리스크관리,신선해,화15:30-17:30,2,,
교양선택(제2영역:사회와경제),922509,01,인간의삶과정신건강,조미영,목09:30-11:30,2,,
교양선택(제2영역:사회와경제),922509,02,인간의삶과정신건강,조미영,목11:30-13:30,2,,
교양선택(제2영역:사회와경제),922602,01,대학생을위한부동산법률상식,법학강사1,월10:00-12:00,2,,
교양선택(제2영역:사회와경제),927019,01,대인관계심리,조미영,월09:30-11:30,2,,
교양선택(제2영역:사회와경제),927019,02,대인관계심리,조미영,월11:30-13:30,2,,
교양선택(제2영역:사회와경제),927027,01,통일과한국의미래,김형석,목09:30-11:30,2,,
교양선택(제2영역:사회와경제),927027,02,통일과한국의미래,김형석,목11:30-13:30,2,,
교양선택(제2영역:사회와경제),927108,01,자본주의와시장,조윤기,월11:30-13:30,2,,
교양선택(제2영역:사회와경제),927109,01,현대사회와심리,유순덕,수11:30-13:30,2,,
교양선택(제2영역:사회와경제),927109,02,현대사회와심리,유순덕,수13:30-15:30,2,,
교양선택(제2영역:사회와경제),927110,01,국제사회와정치,박영민,월09:30-11:30,2,,
교양선택(제2영역:사회와경제),927110,02,국제사회와정치,정병화,월13:30-15:30,2,,
교양선택(제2영역:사회와경제),927263,01,변화와장의탐구,김덕삼,수19:15-20:05,2,,
교양선택(제2영역:사회와경제),927265,01,현대사회와스포츠,임기태,수11:30-13:30,2,,
교양선택(제2영역:사회와경제),927267,01,장애의이해와통합,조미영,화09:30-11:30,2,,
교양선택(제2영역:사회와경제),927267,02,장애의이해와통합,조미영,화11:30-13:30,2,,
교양선택(제2영역:사회와경제),927267,03,장애의이해와통합,함현진,수11:30-13:30,2,,
교양선택(제2영역:사회와경제),927301,01,제4차산업혁명과자기경영,김민철,,3,,
교양선택(제2영역:사회와경제),927321,01,세계평화와국제기구,박영민,수09:30-11:30,2,,
교양선택(제2영역:사회와경제),927321,02,세계평화와국제기구,정임재,수09:30-11:30,2,,
교양선택(제2영역:사회와경제),927338,01,SpecialTopicsinKoreanStudiesⅠ(E),Sarah Choi,금20:30-21:20,2,,
교양선택(제2영역:사회와경제),927366,01,현대사회와인성,정소명,수13:30-15:30,2,,
교양선택(제2영역:사회와경제),927373,01,북한정치사회와한반도통일,김형석,목13:30-15:30,2,,
교양선택(제2영역:사회와경제),927374,01,한반도와국제관계,정병화,수11:30-13:30,2,,
교양선택(제2영역:사회와경제),927388,01,사례로배우는아동발달심리,함현진,목11:30-13:30,2,,
교양선택(제2영역:사회와경제),927388,02,사례로배우는아동발달심리,함현진,금11:30-13:30,2,,
교양선택(제2영역:사회와경제),927389,01,영화로보는도서관과정보사회,이정호,목11:30-13:30,2,,
교양선택(제2영역:사회와경제),927402,01,노동인권의이해,행정강사4,수10:00-13:00,3,,
교양선택(제2영역:사회와경제),927406,01,통일과사회복지,이철수,화13:30-15:30,2,,
교양선택(제2영역:사회와경제),927407,01,테크놀로지와미디어트렌드,박치형,목13:30-15:30,2,,
교양선택(제2영역:사회와경제),927407,02,테크놀로지와미디어트렌드,박치형,목15:30-17:30,2,,
교양선택(제2영역:사회와경제),927409,01,지능정보사회와법,김명엽,목13:30-15:30,2,,
교양선택(제2영역:사회와경제),927409,02,지능정보사회와법,김명엽,목15:30-17:30,2,,
교양선택(제2영역:사회와경제),927424,01,기후위기대응과국제협력체제,정임재,화11:30-13:30,2,,
교양선택(제2영역:사회와경제),927425,01,탄소중립정책의이해,정임재,화14:30-16:30,2,,
교양선택(제2영역:사회와경제),927436,01,상생하는세계시민교육,정소명,금11:30-13:30,2,,
교양선택(제2영역:사회와경제),927437,01,남북한의사회복지,이철수,화15:30-17:30,2,,
교양선택(제2영역:사회와경제),927438,01,인사관리와경영심리,신선해,월13:30-15:30,2,,
교양선택(제2영역:사회와경제),927438,02,인사관리와경영심리,신선해,화13:30-15:30,2,,
교양선택(제2영역:사회와경제),927439,01,생태관광과경영,권신일,화11:30-13:30,2,,
교양선택(제2영역:사회와경제),927439,02,생태관광과경영,권신일,화13:30-15:30,2,,
교양선택(제2영역:사회와경제),927439,03,생태관광과경영,권신일,화15:30-17:30,2,,
교양선택(제2영역:사회와경제),927442,01,현대사회와경찰,김명엽,수09:30-11:30,2,,
교양선택(제2영역:사회와경제),927442,02,현대사회와경찰,김명엽,수11:30-13:30,2,,
교양선택(제2영역:사회와경제),927443,01,남북한의법,천영성,월13:30-15:30,2,,
교양선택(제2영역:사회와경제),927443,02,남북한의법,천영성,화13:30-15:30,2,,
교양선택(제2영역:사회와경제),927444,01,미래사회와청소년교육,유순덕,화15:30-17:30,2,,
교양선택(제2영역:사회와경제),927445,01,미디어로읽는심리학,유순덕,화11:30-13:30,2,,
교양선택(제2영역:사회와경제),927445,02,미디어로읽는심리학,유순덕,화13:30-15:30,2,,
교양선택(제2영역:사회와경제),927451,01,포천의인문학,정연희,목15:30-17:30,2,,
교양선택(제2영역:사회와경제),927452,01,국가안보론(안보전략),한명길,화09:30-11:30,2,,
교양선택(제2영역:사회와경제),009029,01,공학커뮤니케이션,이재경,목09:30-11:30,2,,
교양선택(제3영역:과학과기술),004616,01,생활과전기,김종호,수09:30-11:30,2,,
교양선택(제3영역:과학과기술),004616,02,생활과전기,김종호,수11:30-13:30,2,,
교양선택(제3영역:과학과기술),004623,01,우주와물질,신홍기,목13:30-15:30,2,,
교양선택(제3영역:과학과기술),004623,02,우주와물질,신홍기,목15:30-17:30,2,,
교양선택(제3영역:과학과기술),004625,01,생활속의신소재,나현석,월13:30-15:30,2,,
교양선택(제3영역:과학과기술),004625,02,생활속의신소재,나현석,월15:30-17:30,2,,
교양선택(제3영역:과학과기술),005003,01,물리학및실험I,신홍기,월13:30-17:30,3,,
교양선택(제3영역:과학과기술),005003,02,물리학및실험I,신홍기,수13:30-17:30,3,,
교양선택(제3영역:과학과기술),005003,03,물리학및실험I,신홍기,화13:30-17:30,3,,
교양선택(제3영역:과학과기술),005005,01,일반화학및실험I,박성호,"월11:30-13:30,수15:30-17:30",3,,
교양선택(제3영역:과학과기술),005005,02,일반화학및실험I,박성호,"화13:30-15:30,목13:30-15:30",3,,
교양선택(제3영역:과학과기술),005005,03,일반화학및실험I,한만소,"월09:30-11:30,목15:30-17:30",3,,
교양선택(제3영역:과학과기술),005005,04,일반화학및실험I,한만소,"수11:30-13:30,금11:30-13:30",3,,
교양선택(제3영역:과학과기술),005005,05,일반화학및실험I,박성호,"월13:30-15:30,수09:30-11:30",3,,
교양선택(제3영역:과학과기술),005007,01,생명과학및실험I,김호,"수09:30-11:30,금09:30-11:30",3,,
교양선택(제3영역:과학과기술),005007,02,생명과학및실험I,김호,"수13:30-15:30,금13:30-15:30",3,,
교양선택(제3영역:과학과기술),005007,03,생명과학및실험I,곽애경,"수11:30-13:30,목11:30-13:30",3,,
교양선택(제3영역:과학과기술),005111,01,기초미적분학,김봉진,"수11:30-13:00,금11:30-13:00",3,,
교양선택(제3영역:과학과기술),005111,02,기초미적분학,김원배,"화13:30-15:00,목10:00-11:30",3,,
교양선택(제3영역:과학과기술),005111,03,기초미적분학,김원배,"화10:00-11:30,목13:30-15:00",3,,
교양선택(제3영역:과학과기술),005111,04,기초미적분학,김봉진,"수13:30-15:00,목13:30-15:00",3,,
교양선택(제3영역:과학과기술),005111,05,기초미적분학,김원배,"화11:30-13:00,수11:30-13:00",3,,
교양선택(제3영역:과학과기술),005111,06,기초미적분학,이정례,"월14:30-15:30,금13:30-15:30",3,,
교양선택(제3영역:과학과기술),005111,07,기초미적분학,이정례,"월15:30-16:30,금09:30-11:30",3,,
교양선택(제3영역:과학과기술),005111,08,기초미적분학,이정례,"월16:30-17:30,금11:30-13:30",3,,
교양선택(제3영역:과학과기술),005112,01,응용미적분학,김원배,금10:00-13:00,3,,
교양선택(제3영역:과학과기술),009210,01,과학기술과지식재산권,이재경,월11:30-13:30,2,,
교양선택(제3영역:과학과기술),009210,02,과학기술과지식재산권,이재경,화11:30-13:30,2,,
교양선택(제3영역:과학과기술),009212,01,과학기술과직업윤리,이재경,수09:30-11:30,2,,
교양선택(제3영역:과학과기술),922510,01,알기쉬운저작권,김현동,화09:30-11:30,1,,
교양선택(제3영역:과학과기술),922511,01,음식과식품재료,최진희,금09:30-11:30,2,,
교양선택(제3영역:과학과기술),922603,01,R과기초데이터분석,김원배,수13:30-15:30,2,,
교양선택(제3영역:과학과기술),924009,01,기초통계학,김원배,수09:30-11:30,2,,
교양선택(제3영역:과학과기술),924010,01,공업수학I,이정재,"월10:00-11:30,목10:00-11:30",3,,
교양선택(제3영역:과학과기술),924010,02,공업수학I,김남준,"월10:00-11:30,금10:00-11:30",3,,
교양선택(제3영역:과학과기술),927116,01,수학의세계,이정례,월09:30-11:30,2,,
교양선택(제3영역:과학과기술),927118,01,생활속의화학,박성호,화15:30-17:30,2,,
교양선택(제3영역:과학과기술),927119,01,생태계와환경,곽애경,수13:30-15:30,2,,
교양선택(제3영역:과학과기술),927121,01,현대인의삶과건축,전병권,화15:30-17:30,2,,
교양선택(제3영역:과학과기술),927123,01,유전자와생명의비밀,장종수,화13:30-15:30,2,,
교양선택(제3영역:과학과기술),927302,01,사물인터넷이해,김도현,,3,,
교양선택(제3영역:과학과기술),927304,01,임상여성학,선우재근,,3,,
교양선택(제3영역:과학과기술),927390,01,인물로배워보는과학,나현석,목18:25-19:15,2,,
교양선택(제3영역:과학과기술),927410,01,인간과건축,석진영,수09:30-11:30,2,,
교양선택(제3영역:과학과기술),927411,01,논리로배우는인공지능,곽태근,수13:30-15:30,2,,
교양선택(제4영역:예술과문화),004317,01,영화의이해,최수지,수09:30-11:30,2,,
교양선택(제4영역:예술과문화),004317,02,영화의이해,최수지,수11:30-13:30,2,,
교양선택(제4영역:예술과문화),004319,01,연극의이해,황연희,월13:30-15:30,2,,
교양선택(제4영역:예술과문화),004319,02,연극의이해,장경순,월15:30-17:30,2,,
교양선택(제4영역:예술과문화),004577,01,문화의수용과창조,김덕삼,화21:20-22:10,2,,
교양선택(제4영역:예술과문화),004936,01,미술의이해,오세권,화13:30-15:30,2,,
교양선택(제4영역:예술과문화),921114,01,결혼과가족,김영희,,3,,
교양선택(제4영역:예술과문화),922514,01,음악치료,이진이,화09:30-11:30,2,,
교양선택(제4영역:예술과문화),922514,02,음악치료,이진이,수11:30-13:30,2,,
교양선택(제4영역:예술과문화),922515,01,배드민턴,고은별,화13:30-15:30,2,,
교양선택(제4영역:예술과문화),922515,02,배드민턴,고은별,목09:30-11:30,2,,
교양선택(제4영역:예술과문화),922516,01,일본문화의이해,박선옥,목09:30-11:30,2,,
교양선택(제4영역:예술과문화),922518,01,미술표현의이해,오세권,금11:30-13:30,2,,
교양선택(제4영역:예술과문화),922519,01,미술사개론,황귀영,수11:30-13:30,2,,
교양선택(제4영역:예술과문화),922520,01,한국문화읽기,김지원,화11:30-13:30,2,,
교양선택(제4영역:예술과문화),922520,02,한국문화읽기,김지원,화13:30-15:30,2,,
교양선택(제4영역:예술과문화),925000,01,인간과디자인,윤여경,목11:30-13:30,2,,
교양선택(제4영역:예술과문화),927030,01,동양고대문화의이해,김형기,목13:30-15:30,2,,
교양선택(제4영역:예술과문화),927093,01,동양문화사의이해,김덕삼,월09:30-11:30,2,,
교양선택(제4영역:예술과문화),927093,02,동양문화사의이해,김덕삼,월11:30-13:30,2,,
교양선택(제4영역:예술과문화),927093,03,동양문화사의이해,김용천,수15:30-17:30,2,,
교양선택(제4영역:예술과문화),927099,01,음식과식량의문화사,정동준,목13:30-15:30,2,,
교양선택(제4영역:예술과문화),927126,01,영화감상과비평,성지영,수13:30-15:30,2,,
교양선택(제4영역:예술과문화),927130,01,공연예술로의초대,김명정,목13:30-15:30,2,,
교양선택(제4영역:예술과문화),927133,01,종교와예술,조용기,화11:30-13:30,2,,
교양선택(제4영역:예술과문화),927133,02,종교와예술,조용기,목11:30-13:30,2,,
교양선택(제4영역:예술과문화),927176,01,문화예술교육개론,김기란,금13:30-16:30,3,,
교양선택(제4영역:예술과문화),927177,01,문화예술교육현장의이해와실습,황귀영,월13:30-16:30,3,,
교양선택(제4영역:예술과문화),927244,01,대중문화와한국역사,박윤선,월13:30-15:30,2,,
교양선택(제4영역:예술과문화),927248,01,대중음악과문화,김성희,월09:30-11:30,2,,
교양선택(제4영역:예술과문화),927248,02,대중음악과문화,김성희,화09:30-11:30,2,,
교양선택(제4영역:예술과문화),927249,01,영화속클래식,김성희,월11:30-13:30,2,,
교양선택(제4영역:예술과문화),927249,02,영화속클래식,김성희,수09:30-11:30,2,,
교양선택(제4영역:예술과문화),927251,01,음악과미술의만남,김성희,수11:30-13:30,2,,
교양선택(제4영역:예술과문화),927280,01,패션과스타일,이진이,화11:30-13:30,2,,
교양선택(제4영역:예술과문화),927280,02,패션과스타일,이진이,수09:30-11:30,2,,
교양선택(제4영역:예술과문화),927282,01,세계의문화코드이해,김성희,목09:30-11:30,2,,
교양선택(제4영역:예술과문화),927317,01,문화와사회현상,김승남,화11:30-13:30,2,,
교양선택(제4영역:예술과문화),927317,02,문화와사회현상,김승남,목11:30-13:30,2,,
교양선택(제4영역:예술과문화),927320,01,커피의세계문화사,정동준,화13:30-15:30,2,,
교양선택(제4영역:예술과문화),927334,01,KoreanCultureandTradition(E),Sarah Choi,목20:30-21:20,2,,
교양선택(제4영역:예술과문화),927336,01,ContemporaryKoreanSociety(E),Sarah Choi,수20:30-21:20,2,,
교양선택(제4영역:예술과문화),927347,01,스토리텔링과상상의글쓰기,박동근,수11:30-13:30,2,,
교양선택(제4영역:예술과문화),927357,01,플로어볼,김세웅,수13:30-15:30,2,,
교양선택(제4영역:예술과문화),927357,02,플로어볼,김세웅,수15:30-17:30,2,,
교양선택(제4영역:예술과문화),927371,01,세계의도시와건축문화,전병권,목13:30-15:30,2,,
교양선택(제4영역:예술과문화),927412,01,음악이있는삶,손영경,수09:30-11:30,2,,
교양선택(제4영역:예술과문화),927414,01,세계의영어와문화의이해,김한규,수15:30-17:30,2,,
교양선택(제4영역:예술과문화),927422,01,건강과생활,고은별,목11:30-13:30,2,,
교양선택(제4영역:예술과문화),927422,02,건강과생활,고은별,목13:30-15:30,2,,
교양선택(제4영역:예술과문화),927449,01,예술로읽는문화,손영경,화13:30-15:30,2,,
교양선택(제4영역:예술과문화),927449,02,예술로읽는문화,손영경,수13:30-15:30,2,,
교양선택(제4영역:예술과문화),927453,01,인문과예술의만남,이혜준,월15:30-17:30,2,,
교양선택(제5영역:융합과혁신),004801,01,사회봉사I,김기홍,월15:30-17:30,1,,
교양선택(제5영역:융합과혁신),004801,02,사회봉사I,권양이,화15:30-17:30,1,,
교양선택(제5영역:융합과혁신),008115,01,무기체계론,한명길,목09:30-11:30,2,,
교양선택(제5영역:융합과혁신),008115,02,무기체계론,한명길,목11:30-13:30,2,,
교양선택(제5영역:융합과혁신),009205,01,성공하는대학생들의7가지습관,정영웅,월13:30-15:30,2,,
교양선택(제5영역:융합과혁신),009205,02,성공하는대학생들의7가지습관,정영웅,화13:30-15:30,2,,
교양선택(제5영역:융합과혁신),009211,01,창의적문제해결방법론,이재경,화09:30-11:30,2,,
교양선택(제5영역:융합과혁신),922001,01,인권과NGO,정병화,수13:30-15:30,2,,
교양선택(제5영역:융합과혁신),922521,01,K-POP음악의이해,권상희,월10:00-12:00,2,,
교양선택(제5영역:융합과혁신),922524,01,인간의욕망이해,조용기,월11:30-13:30,2,,
교양선택(제5영역:융합과혁신),922524,02,인간의욕망이해,조용기,수11:30-13:30,2,,
교양선택(제5영역:융합과혁신),922525,01,한류인문학,조용기,화13:30-15:30,2,,
교양선택(제5영역:융합과혁신),922525,02,한류인문학,조용기,목13:30-15:30,2,,
교양선택(제5영역:융합과혁신),922526,01,비전과인생설계,조미영,수09:30-11:30,2,,
교양선택(제5영역:융합과혁신),922526,02,비전과인생설계,조미영,수11:30-13:30,2,,
교양선택(제5영역:융합과혁신),922526,03,비전과인생설계,조미영,월15:30-17:30,2,,
교양선택(제5영역:융합과혁신),922527,01,비판적사고,한지영,월11:30-13:30,2,,
교양선택(제5영역:융합과혁신),922527,02,비판적사고,한지영,월13:30-15:30,2,,
교양선택(제5영역:융합과혁신),922528,01,청춘의독서,이철수,월13:30-15:30,2,,
교양선택(제5영역:융합과혁신),922530,01,첨단기술과미래산업,문수지,수13:30-15:30,2,,
교양선택(제5영역:융합과혁신),922531,01,알면좋은한국사,박윤선,목15:30-17:30,2,,
교양선택(제5영역:융합과혁신),922604,01,DMZ의이해,박영민,목13:30-15:30,2,,
교양선택(제5영역:융합과혁신),927026,01,퍼스널브랜딩,문윤경,화09:30-11:30,2,,
교양선택(제5영역:융합과혁신),927026,02,퍼스널브랜딩,문윤경,화11:30-13:30,2,,
교양선택(제5영역:융합과혁신),927026,03,퍼스널브랜딩,최세용,화13:30-15:30,2,,
교양선택(제5영역:융합과혁신),927026,04,퍼스널브랜딩,최세용,수09:30-11:30,2,,
교양선택(제5영역:융합과혁신),927026,05,퍼스널브랜딩,최세용,수11:30-13:30,2,,
교양선택(제5영역:융합과혁신),927041,01,리더십(지휘통솔),김갑수,화11:30-13:30,2,,
교양선택(제5영역:융합과혁신),927041,02,리더십(지휘통솔),김갑수,수11:30-13:30,2,,
교양선택(제5영역:융합과혁신),927173,01,창업과법률,최용전,금18:25-19:15,2,,
교양선택(제5영역:융합과혁신),927252,01,"사람,문화,그리고미래",김덕삼,월21:20-22:10,2,,
교양선택(제5영역:융합과혁신),927305,01,모두의인공지능,강태원,,3,,
교양선택(제5영역:융합과혁신),927307,01,진로길라잡이,취업강사16,,1,,
교양선택(제5영역:융합과혁신),927326,01,스포츠마케팅인사이트,임기태,수13:30-15:30,2,,
교양선택(제5영역:융합과혁신),927350,01,인간과장소,김덕삼,수13:30-15:30,2,,
교양선택(제5영역:융합과혁신),927350,02,인간과장소,김덕삼,수15:30-17:30,2,,
교양선택(제5영역:융합과혁신),927360,01,4차산업의이해와경력관리,이대성,월09:30-11:30,2,,
교양선택(제5영역:융합과혁신),927360,02,4차산업의이해와경력관리,이대성,월11:30-13:30,2,,
교양선택(제5영역:융합과혁신),927360,03,4차산업의이해와경력관리,이대성,월13:30-15:30,2,,
교양선택(제5영역:융합과혁신),927362,01,취업정보와사회진출,최세용,수13:30-15:30,2,,
교양선택(제5영역:융합과혁신),927363,01,창의적기획과문제해결,조지훈,목11:30-13:30,2,,
교양선택(제5영역:융합과혁신),927363,02,창의적기획과문제해결,조지훈,목13:30-15:30,2,,
교양선택(제5영역:융합과혁신),927394,01,내삶을위한스토리텔러,임보연,월09:30-11:30,2,,
교양선택(제5영역:융합과혁신),927419,01,소통심리학,신선해,월11:30-13:30,2,,
교양선택(제5영역:융합과혁신),927419,02,소통심리학,신선해,화11:30-13:30,2,,
교양선택(제5영역:융합과혁신),927421,01,신산업융합지식재산,김현동,금18:25-19:15,2,,
교양선택(제5영역:융합과혁신),927429,01,청년의삶과주민자치,김종래,월13:30-15:30,2,,
교양선택(제5영역:융합과혁신),927440,01,스포츠산업리포트,고은별,화09:30-11:30,2,,
교양선택(제5영역:융합과혁신),927440,02,스포츠산업리포트,고은별,화11:30-13:30,2,,
교양선택(제5영역:융합과혁신),927308,01,취업길라잡이,취업강사17,,1,,
교양선택(제5영역:융합과혁신),927427,01,직업기초능력의실제,문윤경,수13:30-15:30,2,,
교양선택(제5영역:융합과혁신),927428,01,직무역량과비즈니스문제해결,조지훈,수11:30-13:30,2,,
교양선택(제6영역:AI·디지털리터러시),004977,01,OFFICE실무,김지연,수18:25-19:15,2,,
교양선택(제6영역:AI·디지털리터러시),922532,01,인공지능과인터넷윤리,박효진,월13:30-15:30,2,,
교양선택(제6영역:AI·디지털리터러시),922532,02,인공지능과인터넷윤리,박효진,화13:30-15:30,2,,
교양선택(제6영역:AI·디지털리터러시),922533,01,문헌정보와리터러시,나병준,목15:30-17:30,2,,
교양선택(제6영역:AI·디지털리터러시),922535,01,생성형AI기초와활용,문수지,화09:30-11:30,2,,
교양선택(제6영역:AI·디지털리터러시),922535,02,생성형AI기초와활용,문수지,수11:30-13:30,2,,
교양선택(제6영역:AI·디지털리터러시),922536,01,웹프로그래밍의기초,정수경,목09:30-11:30,2,,
교양선택(제6영역:AI·디지털리터러시),922605,01,AI기반프로그래밍입문,김지연,목15:30-17:30,2,,
교양선택(제6영역:AI·디지털리터러시),922606,01,AI스포츠데이터분석,임기태,목11:30-13:30,2,,
교양선택(제6영역:AI·디지털리터러시),922607,01,AI와소설감상문쓰기,정연희,목11:30-13:30,2,,
교양선택(제6영역:AI·디지털리터러시),922609,01,AI와함께하는건강식생활설계,주신윤,목09:30-11:30,2,,
교양선택(제6영역:AI·디지털리터러시),922610,01,AI와디지털사회,김남선,목13:30-15:30,2,,
교양선택(제6영역:AI·디지털리터러시),922611,01,인공지능법과미래사회,최용전,월15:30-17:30,2,,
교양선택(제6영역:AI·디지털리터러시),922611,02,인공지능법과미래사회,최용전,수15:30-17:30,2,,
교양선택(제6영역:AI·디지털리터러시),922612,01,인공지능의원리와사고,손방용,목13:30-15:30,2,,
교양선택(제6영역:AI·디지털리터러시),922614,01,포스트휴먼시대의문학과AI,장혜련,화13:30-15:30,2,,
교양선택(제6영역:AI·디지털리터러시),922615,01,인공지능과함께만드는연극,안정민,금10:00-12:00,2,,
교양선택(제6영역:AI·디지털리터러시),922616,01,AI시대의콘텐츠크리에이션,김선경,수13:30-15:30,2,,
교양선택(제6영역:AI·디지털리터러시),922616,02,AI시대의콘텐츠크리에이션,김선경,수15:30-17:30,2,,
교양선택(제6영역:AI·디지털리터러시),922617,01,비전공자를위한AI앱기획과개발,김선경,목13:30-15:30,2,,
교양선택(제6영역:AI·디지털리터러시),922617,02,비전공자를위한AI앱기획과개발,김선경,목15:30-17:30,2,,
교양선택(제6영역:AI·디지털리터러시),922618,01,생성형AI를활용한문화콘텐츠제작,김연희,수13:30-15:30,2,,
교양선택(제6영역:AI·디지털리터러시),927255,01,알기쉬운빅데이터와시각화,김지연,수15:30-17:30,2,,
교양선택(제6영역:AI·디지털리터러시),927269,01,빅데이터분석의이해,김상오,금13:30-15:30,2,,
교양선택(제6영역:AI·디지털리터러시),927324,01,4차산업혁명과미래미디어,황지원,월13:30-15:30,2,,
교양선택(제6영역:AI·디지털리터러시),927384,01,비전공자를위한인공지능의이해,김선경,화15:30-17:30,2,,
교양선택(제6영역:AI·디지털리터러시),927399,01,미래사회와휴먼테크놀로지,김영주,월19:40-20:30,2,,
교양선택(제6영역:AI·디지털리터러시),927446,01,데이터관리와분석,김지연,화11:30-13:30,2,,
교직,911001,01,교육학개론,김기홍,월11:30-13:30,2,,
교직,911001,02,교육학개론,김기홍,화11:30-13:30,2,,
교직,911019,01,교육사회,권양이,목15:30-17:30,2,,
교직,911021,01,교육심리,권양이,목13:30-15:30,2,,
교직,911025,01,학교폭력예방및학생의이해,김기홍,수15:30-17:30,2,,
교직,911007,01,교육방법및교육공학,김기홍,화15:30-17:30,2,,
교직,911017,01,교직실무,이정,화17:30-19:15,2,,
교직,911020,01,교육과정,김기홍,목11:30-13:30,2,,
교직,911018,01,교육봉사활동,김기홍,월17:30-19:15,2,,
교직,911024,01,학교현장실습,김기홍,월13:30-15:30,2,,
교직,911024,02,학교현장실습,김기홍,화13:30-15:30,2,,
교직,911027,01,예비교원성인지교육,김기홍,수11:30-12:30,1,,
교직,911028,01,디지털교육,김기홍,수13:30-15:30,2,,
일반선택,008005,01,현장실습Ⅲ,취업강사1,,15,,
일반선택,951005,01,안보학(군사학),박종현,"월14:00-16:00,금13:30-17:30",3,,
일반선택,956004,01,현장실습Ⅴ,취업강사1,,12,,
일반선택,951007,01,조직리더십(군사학),노보환,"월14:30-16:30,금13:30-17:30",3,,
전공(대순종학대학/대순종학과),042094,01,초급한문,나권수,월09:30-12:30,3,,
전공(대순종학대학/대순종학과),044001,01,수도교화실습Ⅰ,차선근,월18:00-19:40,1,,
전공(대순종학대학/대순종학과),045014,01,대순종학총론,이경원,"화13:30-15:00,수13:30-15:00",3,,
전공(대순종학대학/대순종학과),045034,01,종교학개론,차선근,수15:30-17:30,2,,
전공(대순종학대학/대순종학과),044003,01,수도교화실습Ⅲ,이재호,수18:00-19:40,1,,
전공(대순종학대학/대순종학과),045015,01,대순문화콘텐츠제작Ⅰ,김안주,화09:30-13:30,2,,
전공(대순종학대학/대순종학과),045021,01,대순작문법과논술,이경원,"화15:30-17:00,수15:30-17:00",3,,
전공(대순종학대학/대순종학과),045024,01,전경통독,최치봉,"수10:00-11:30,금10:00-11:30",3,,
전공(대순종학대학/대순종학과),045030,01,대순종교철학,차선근,월13:30-15:30,2,,
전공(대순종학대학/대순종학과),042501,01,대순인문지리학,박상규,목13:30-16:30,3,,
전공(대순종학대학/대순종학과),042502,01,대순물질종교학,최치봉,"월13:30-15:00,수13:30-15:00",3,,
전공(대순종학대학/대순종학과),044005,01,수도교화실습Ⅴ,박상규,목18:00-19:40,1,,
전공(대순종학대학/대순종학과),045023,01,대순문화콘텐츠제작Ⅲ,김안주,화13:30-17:30,2,,
전공(대순종학대학/대순종학과),045028,01,대순진리회요람강독,이경원,"수10:00-11:30,목10:00-11:30",3,,
전공(대순종학대학/대순종학과),044007,01,수도교화실습Ⅶ,이경원,목18:00-19:40,1,,
전공(대순종학대학/대순종학과),045036,01,서양종교사상사,최치봉,"월10:00-11:30,화10:00-11:30",3,,
전공(대순종학대학/대순종학과),045041,01,전경한문강독Ⅱ,박상규,"목10:00-11:30,금10:00-11:30",3,,
전공(대순종학대학/대순종학과),045042,01,대순비교종교학,차선근,목13:30-15:30,2,,
전공(대순종학대학/대순종학과),045043,01,해원사상과문화,이재호,수13:30-15:30,2,,
전공(인문예술대학/영어영문학과),022500,01,기초영어회화,HILL BRIAN D,"수11:30-13:00,금11:30-13:00",3,,
전공(인문예술대학/영어영문학과),024012,01,영문학개론,변효정,"화14:00-15:30,목14:00-15:30",3,,
전공(인문예술대학/영어영문학과),025023,01,스크린영어,백승봉,"월13:30-15:00,수15:30-17:00",3,,
전공(인문예술대학/영어영문학과),025023,02,스크린영어,백승봉,"월15:30-17:00,수13:30-15:00",3,,
전공(인문예술대학/영어영문학과),022002,01,시사영어,배주현,"수10:00-11:30,금13:30-15:00",3,,
전공(인문예술대학/영어영문학과),022034,01,영어학개론,김한규,"화15:30-17:00,목15:30-17:00",3,,
전공(인문예술대학/영어영문학과),022147,01,영미아동문학,이희정,"화10:00-11:30,목10:00-11:30",3,,
전공(인문예술대학/영어영문학과),022603,01,AI와영어교육,배주현,"수13:30-15:00,금10:00-11:30",3,,
전공(인문예술대학/영어영문학과),025011,01,영미시의이해,양균원,"화12:00-13:30,목12:00-13:30",3,,
전공(인문예술대학/영어영문학과),025021,01,실용영문법,나병모,"월12:00-13:30,수12:00-13:30",3,,
전공(인문예술대학/영어영문학과),025100,01,미국명작특강,공명수,"월13:30-15:00,화13:30-15:00",3,,
전공(인문예술대학/영어영문학과),022071,01,셰익스피어,임도현,"화15:30-17:00,목15:30-17:00",3,,
전공(인문예술대학/영어영문학과),022075,01,영소설특강,백승봉,목20:30-21:20,3,,
전공(인문예술대학/영어영문학과),022502,01,캡스톤디자인(영어프레젠테이션),Mark Burman,"화11:30-13:00,목11:30-13:00",3,,
전공(인문예술대학/영어영문학과),022604,01,영어구문분석,나병모,"월14:00-15:30,수14:00-15:30",3,,
전공(인문예술대학/영어영문학과),025005,01,현대영미시,양균원,"화14:00-15:30,목10:00-11:30",3,,
전공(인문예술대학/영어영문학과),025101,01,미국캐릭터산업의이해,공명수,"월10:00-11:30,화10:00-11:30",3,,
전공(인문예술대학/역사·문화콘텐츠학과),052601,01,AI의활용과AI윤리,역사강사1,목13:30-16:30,3,,
전공(인문예술대학/역사·문화콘텐츠학과),056001,01,한국사길잡이,박윤선,"월10:00-11:30,목10:00-11:30",3,,
전공(인문예술대학/역사·문화콘텐츠학과),056011,01,문화콘텐츠입문,김영주,수09:30-12:30,3,,
전공(인문예술대학/역사·문화콘텐츠학과),056008,01,삼국지와스토리텔링,김용천,"월12:00-13:30,화12:00-13:30",3,,
전공(인문예술대학/역사·문화콘텐츠학과),056009,01,봉건사회에서르네상스까지,정동준,목09:30-12:30,3,,
전공(인문예술대학/역사·문화콘텐츠학과),056040,01,한국고대의역사와문화콘텐츠,박윤선,"화13:30-15:00,목13:30-15:00",3,,
전공(인문예술대학/역사·문화콘텐츠학과),056044,01,K컬처1:K필름과K드라마,김승남,"월13:30-15:00,수13:30-15:00",3,,
전공(인문예술대학/역사·문화콘텐츠학과),056052,01,한국근현대의역사와문화콘텐츠,김영완,수10:00-13:00,3,,
전공(인문예술대학/역사·문화콘텐츠학과),056053,01,문화원형과동양고전,김승남,"화13:30-15:00,목13:30-15:00",3,,
전공(인문예술대학/역사·문화콘텐츠학과),056021,01,유럽의근대문화,정동준,화09:30-12:30,3,,
전공(인문예술대학/역사·문화콘텐츠학과),056022,01,유목민의삶과역사,김용천,"월10:00-11:30,수12:00-13:30",3,,
전공(인문예술대학/역사·문화콘텐츠학과),056042,01,한국사스토리텔링,박윤선,"월16:00-17:30,금12:00-13:30",3,,
전공(인문예술대학/역사·문화콘텐츠학과),056046,01,콘텐츠기획및제작,역사강사1,목09:30-12:30,3,,
전공(인문예술대학/역사·문화콘텐츠학과),052602,01,캡스톤디자인(졸업작품제작실습),박윤선,"화09:30-11:30,금09:30-11:30",3,,
전공(인문예술대학/역사·문화콘텐츠학과),056049,01,중국의역사와인물,김용천,"수10:00-11:30,목12:00-13:30",3,,
전공(인문예술대학/역사·문화콘텐츠학과),056056,01,창의적발상과커뮤니케이션,조용기,"화15:30-17:00,수15:30-17:00",3,,
전공(인문예술대학/역사·문화콘텐츠학과),056057,01,한국근현대문화유산탐방,김영완,수13:30-16:30,3,,
전공(인문예술대학/문예콘텐츠창작학과),062500,01,창의적문예콘텐츠의세계(입문),신종곤,"화15:30-17:00,목15:30-17:00",3,,
전공(인문예술대학/문예콘텐츠창작학과),064050,01,문화콘텐츠로읽는한국문학,심재휘,"화13:30-15:00,목13:30-15:00",3,,
전공(인문예술대학/문예콘텐츠창작학과),064051,01,스토리텔링의기초,신종곤,"화10:00-11:30,목10:00-11:30",3,,
전공(인문예술대학/문예콘텐츠창작학과),014040,01,시쓰기와감성개발,강은진,수13:30-16:30,3,,
전공(인문예술대학/문예콘텐츠창작학과),014042,01,소설쓰기의이해와기초,장혜련,"수11:30-13:00,목10:00-11:30",3,,
전공(인문예술대학/문예콘텐츠창작학과),064055,01,근대문제작가와서사전략,장혜련,"화10:00-11:30,수10:00-11:30",3,,
전공(인문예술대학/문예콘텐츠창작학과),065013,01,신화와문화적상상력,최지운,월09:30-12:30,3,,
전공(인문예술대학/문예콘텐츠창작학과),062023,01,광고언어연구,최지운,"수13:30-15:00,목13:30-15:00",3,,
전공(인문예술대학/문예콘텐츠창작학과),062039,01,소설창작세미나,장혜련,금09:30-12:30,3,,
전공(인문예술대학/문예콘텐츠창작학과),062602,01,시나리오창작연습심화,신종곤,월13:30-16:30,3,,
전공(인문예술대학/문예콘텐츠창작학과),064019,01,희곡창작연습,신종곤,"화11:30-13:00,목11:30-13:00",3,,
전공(인문예술대학/문예콘텐츠창작학과),064057,01,문학과상호텍스트성,최지운,"화10:00-11:30,수10:00-11:30",3,,
전공(인문예술대학/문예콘텐츠창작학과),065009,01,웹과모바일콘텐츠의실제,박성효,화13:30-16:30,3,,
전공(인문예술대학/문예콘텐츠창작학과),065017,01,아동문예창작연습,최영동,월10:00-13:00,3,,
전공(인문예술대학/문예콘텐츠창작학과),065021,01,캡스톤디자인(포트폴리오제작Ⅰ),장혜련,"화11:30-13:30,목11:30-13:30",3,,
전공(인문예술대학/미술만화게임학부),825502,01,드로잉의기초,유한이,월09:30-13:30,3,,
전공(인문예술대학/미술만화게임학부),825502,02,드로잉의기초,정미혜,월13:30-17:30,3,,
전공(인문예술대학/미술만화게임학부),825505,01,디지털페인팅기초,노승복,수13:30-17:30,3,,
전공(인문예술대학/미술만화게임학부),825505,02,디지털페인팅기초,노승복,화09:30-13:30,3,,
전공(인문예술대학/미술만화게임학부),825512,01,기초조형연습,박민숙,목09:30-13:30,3,,
전공(인문예술대학/미술만화게임학부),825512,02,기초조형연습,박민숙,금09:30-13:30,3,,
전공(인문예술대학/현대미술전공),825603,01,평면표현연습,우상희,화09:30-13:30,3,,
전공(인문예술대학/현대미술전공),825604,01,현대회화Ⅰ,김시은,목13:30-17:30,3,,
전공(인문예술대학/현대미술전공),825605,01,현대미술연구Ⅰ,오세권,목11:30-13:30,2,,
전공(인문예술대학/현대미술전공),825629,01,기초조소,백연수,수09:30-13:30,3,,
전공(인문예술대학/현대미술전공),825630,01,디지털표현기법Ⅰ,허혁준,월09:30-13:30,3,,
전공(인문예술대학/현대미술전공),825611,01,창작평면실기Ⅰ,우상희,화13:30-17:30,3,,
전공(인문예술대학/현대미술전공),825613,01,현대미술이론,이혜원,월13:30-16:30,3,,
전공(인문예술대학/현대미술전공),825632,01,미디어연구Ⅰ,노승복,수09:30-13:30,3,,
전공(인문예술대학/현대미술전공),825638,01,입체연구,박민숙,화09:30-13:30,3,,
전공(인문예술대학/현대미술전공),825621,01,미술교육프로그램개발,황귀영,수13:30-15:30,2,,
전공(인문예술대학/현대미술전공),825634,01,평면졸업작품연구Ⅰ,노승복,목13:30-17:30,3,,
전공(인문예술대학/현대미술전공),825635,01,입체졸업작품연구Ⅰ,박민숙,수09:30-13:30,3,,
전공(인문예술대학/만화게임그래픽전공),825702,01,웹툰기법Ⅰ,황기연,목09:30-13:30,3,,
전공(인문예술대학/만화게임그래픽전공),825702,02,웹툰기법Ⅰ,서정화,목13:30-17:30,3,,
전공(인문예술대학/만화게임그래픽전공),825704,01,게임의이해,박재형,화15:30-17:30,2,,
전공(인문예술대학/만화게임그래픽전공),825704,02,게임의이해,박재형,화13:30-15:30,2,,
전공(인문예술대학/만화게임그래픽전공),825725,01,웹툰컨셉디자인,류유희,화09:30-12:30,2,,
전공(인문예술대학/만화게임그래픽전공),825725,02,웹툰컨셉디자인,류유희,수13:30-16:30,2,,
전공(인문예술대학/만화게임그래픽전공),825726,01,웹툰배경,김태형,월13:30-17:30,3,,
전공(인문예술대학/만화게임그래픽전공),825726,02,웹툰배경,김태형,월09:30-13:30,3,,
전공(인문예술대학/만화게임그래픽전공),825727,01,게임컨셉디자인,김진훈,수09:30-13:30,3,,
전공(인문예술대학/만화게임그래픽전공),825727,02,게임컨셉디자인,김진훈,금09:30-13:30,3,,
전공(인문예술대학/만화게임그래픽전공),825709,01,게임스토리텔링,박재형,화11:30-13:30,2,,
전공(인문예술대학/만화게임그래픽전공),825713,01,캡스톤디자인(원화일러스트레이션),김현성,수09:30-13:30,3,,
전공(인문예술대학/만화게임그래픽전공),825716,01,게임크리쳐디자인,남상수,금09:30-13:30,3,,
전공(인문예술대학/만화게임그래픽전공),825730,01,웹툰창작연구Ⅰ,류유희,월13:30-17:30,3,,
전공(인문예술대학/만화게임그래픽전공),825731,01,웹툰컨셉디자인심화,황기연,목13:30-17:30,3,,
전공(인문예술대학/만화게임그래픽전공),825732,01,게임컨셉심화Ⅰ,김진훈,월09:30-13:30,3,,
전공(인문예술대학/만화게임그래픽전공),825718,01,캡스톤디자인(게임졸업작품연구Ⅰ),김진훈,목09:30-13:30,3,,
전공(인문예술대학/만화게임그래픽전공),825719,01,만화졸업작품연구Ⅰ,류유희,금09:30-13:30,3,,
전공(인문예술대학/만화게임그래픽전공),825720,01,만화기획및제작,서정화,목09:30-12:30,2,,
전공(인문예술대학/만화게임그래픽전공),825742,01,AI를활용한게임포트폴리오제작Ⅰ,김진훈,목13:30-16:30,2,,
전공(인문예술대학/캐릭터·아트상품융합전공),823000,01,캐릭터영상표현,노승복,월13:30-16:30,2,,
전공(인문예술대학/캐릭터·아트상품융합전공),823001,01,삽화일러스트레이션,김현성,수13:30-17:30,3,,
전공(인문예술대학/캐릭터·아트상품융합전공),824138,01,캐릭터표현,최윤정,화13:30-17:30,3,,
전공(인문예술대학/캐릭터·아트상품융합전공),823003,01,캐릭터원형제작Ⅱ,이승연,목13:30-17:30,3,,
전공(인문예술대학/캐릭터·아트상품융합전공),823004,01,아트굿즈,이희승,수13:30-17:30,3,,
전공(인문예술대학/캐릭터·아트상품융합전공),824141,01,예술문화산업연구,오세권,월10:30-13:30,3,,
전공(인문예술대학/캐릭터·아트상품융합전공),823006,01,캡스톤디자인(아트상품종합설계Ⅰ),이해인,금09:30-13:30,3,,
전공(인문예술대학/캐릭터·아트상품융합전공),825411,01,3D프린팅,허혁준,월13:30-17:30,3,,
전공(인문예술대학/시각디자인학과),812151,01,디자인론,김현,수13:30-15:30,2,,
전공(인문예술대학/시각디자인학과),812156,01,컴퓨터그래픽Ⅰ,시각강사1,화09:30-13:30,3,,
전공(인문예술대학/시각디자인학과),812210,01,조형I,박상희,수09:30-12:30,2,,
전공(인문예술대학/시각디자인학과),815006,01,관찰과표현기법,시각강사4,목13:30-16:30,2,,
전공(인문예술대학/시각디자인학과),812606,01,디지털일러스트레이션,시각강사3,화13:30-16:30,2,,
전공(인문예술대학/시각디자인학과),812606,02,디지털일러스트레이션,김현,수09:30-12:30,2,,
전공(인문예술대학/시각디자인학과),812607,01,비주얼인포메이션디자인,윤여경,수13:30-16:30,2,,
전공(인문예술대학/시각디자인학과),812607,02,비주얼인포메이션디자인,윤여경,월13:30-16:30,2,,
전공(인문예술대학/시각디자인학과),812608,01,AI프롬프트디자인Ⅰ,시각강사4,목09:30-12:30,2,,
전공(인문예술대학/시각디자인학과),812603,01,디자인교과교육론,최윤의,월13:30-16:30,3,,
전공(인문예술대학/시각디자인학과),812613,01,지역기반프로모션디자인Ⅰ,시각강사2,수13:30-17:30,3,,
전공(인문예술대학/시각디자인학과),815017,01,웹인터페이스디자인Ⅰ,윤여경,수09:30-13:30,3,,
전공(인문예술대학/시각디자인학과),815019,01,타이포그래피디자인Ⅰ,시각강사1,월09:30-13:30,3,,
전공(인문예술대학/시각디자인학과),815029,01,커뮤니케이션디자인I,이혜준,화09:30-12:30,2,,
전공(인문예술대학/시각디자인학과),812164,01,에디토리얼디자인Ⅰ,시각강사1,월13:30-17:30,3,,
전공(인문예술대학/시각디자인학과),812164,02,에디토리얼디자인Ⅰ,시각강사3,화09:30-13:30,3,,
전공(인문예술대학/시각디자인학과),812213,01,시각디자인Ⅰ,시각강사5,화09:30-13:30,3,,
전공(인문예술대학/시각디자인학과),812213,02,시각디자인Ⅰ,시각강사5,화13:30-17:30,3,,
전공(인문예술대학/시각디자인학과),812213,03,시각디자인Ⅰ,이혜준,화13:30-17:30,3,,
전공(인문예술대학/시각디자인학과),812552,01,취창업세미나(시각디자인),윤여경,목13:30-16:30,3,,
전공(인문예술대학/시각디자인학과),812605,01,디자인교과교재연구및지도법,최윤의,월09:30-12:30,3,,
전공(인문예술대학/시각디자인학과),814057,01,패키지디자인I,시각강사2,월09:30-13:30,3,,
전공(인문예술대학/시각디자인학과),814057,02,패키지디자인I,시각강사2,수09:30-13:30,3,,
전공(인문예술대학/시각디자인학과),814057,03,패키지디자인I,박상희,수13:30-17:30,3,,
전공(인문예술대학/시각디자인학과),815023,01,인터렉티브디자인Ⅰ,윤여경,화13:30-17:30,3,,
전공(인문예술대학/시각디자인학과),815023,02,인터렉티브디자인Ⅰ,윤여경,화09:30-13:30,3,,
전공(인문예술대학/시각디자인학과),815023,03,인터렉티브디자인Ⅰ,윤여경,월09:30-13:30,3,,
전공(인문예술대학/산업디자인학과),814128,01,컴퓨터디자인론,홍경민,화09:30-13:30,3,,
전공(인문예술대학/산업디자인학과),814132,01,디자인논리와이해,최성운,월09:30-12:30,2,,
전공(인문예술대학/산업디자인학과),814148,01,CAD디자인론,박찬훈,수13:30-16:30,2,,
전공(인문예술대학/산업디자인학과),817500,01,기초조형디자인,장소연,목13:30-16:30,3,,
전공(인문예술대학/산업디자인학과),811501,01,기초제품디자인,최성운,화09:30-13:30,3,,
전공(인문예술대학/산업디자인학과),811501,02,기초제품디자인,최성운,화13:30-17:30,3,,
전공(인문예술대학/산업디자인학과),811511,01,기초공간디자인,송규호,목13:30-17:30,3,,
전공(인문예술대학/산업디자인학과),814070,01,제품컴퓨터모델링I,홍경민,수09:30-13:30,3,,
전공(인문예술대학/산업디자인학과),814070,02,제품컴퓨터모델링I,홍경민,수13:30-17:30,3,,
전공(인문예술대학/산업디자인학과),817502,01,공간디지털모델링Ⅰ,최현철,목09:30-12:30,2,,
전공(인문예술대학/산업디자인학과),814137,01,프러덕트디자인,최성운,수09:30-13:30,3,,
전공(인문예술대학/산업디자인학과),814138,01,UX전시디자인,송규호,화13:30-17:30,3,,
전공(인문예술대학/산업디자인학과),814138,02,UX전시디자인,송규호,화09:30-13:30,3,,
전공(인문예술대학/산업디자인학과),814139,01,VMD공간디자인,김미숙,화09:30-13:30,3,,
전공(인문예술대학/산업디자인학과),814139,02,VMD공간디자인,김미숙,화13:30-17:30,3,,
전공(인문예술대학/산업디자인학과),814140,01,캡스톤디자인(산학협동디자인),홍경민,월09:30-13:30,3,,
전공(인문예술대학/산업디자인학과),814121,01,제품디자인실무Ⅰ,최성운,수13:30-17:30,3,,
전공(인문예술대학/산업디자인학과),814123,01,공간연출디자인실무Ⅰ,김미숙,월09:30-13:30,3,,
전공(인문예술대학/산업디자인학과),814144,01,UX환경디자인실무Ⅰ,송규호,수09:30-13:30,3,,
전공(인문예술대학/산업디자인학과),814145,01,라이프제품디자인실무,홍경민,월13:30-17:30,3,,
전공(인문예술대학/영화영상학과),851003,01,영화개론,최수지,"월09:30-11:00,화09:30-11:00",3,,
전공(인문예술대학/영화영상학과),852500,01,영상콘텐츠의이해,김수열,목13:30-16:30,2,,
전공(인문예술대학/영화영상학과),852501,01,영상촬영기초,윤장호,수14:30-17:30,2,,
전공(인문예술대학/영화영상학과),855100,01,시나리오작법Ⅰ,문정미,화13:30-16:30,2,,
전공(인문예술대학/영화영상학과),855121,01,1인미디어제작실습,윤장호,목11:30-14:30,2,,
전공(인문예술대학/영화영상학과),855121,02,1인미디어제작실습,윤장호,목14:30-17:30,2,,
전공(인문예술대학/영화영상학과),852009,01,한국영화사,최수지,목14:30-17:30,3,,
전공(인문예술대학/영화영상학과),852504,01,디지털편집,신재준,화13:30-17:30,3,,
전공(인문예술대학/영화영상학과),852505,01,영화미술의이해,윤장호,월14:30-17:30,2,,
전공(인문예술대학/영화영상학과),852506,01,영상촬영실무,윤장호,월09:30-13:30,3,,
전공(인문예술대학/영화영상학과),854004,01,포스트프로덕션제작실습,성지영,화09:30-13:30,3,,
전공(인문예술대학/영화영상학과),854004,02,포스트프로덕션제작실습,성지영,목09:30-13:30,3,,
전공(인문예술대학/영화영상학과),855104,01,디지털영상제작실습Ⅰ,김은주,수09:30-12:30,2,,
전공(인문예술대학/영화영상학과),855104,02,디지털영상제작실습Ⅰ,김은주,수13:30-16:30,2,,
전공(인문예술대학/영화영상학과),852510,01,영화작가의이해,최수지,"월11:30-13:30,화12:30-13:30",3,,
전공(인문예술대학/영화영상학과),852601,01,캡스톤디자인(영상콘텐츠산업의이해),최수지,월14:30-17:30,2,,
전공(인문예술대학/영화영상학과),855123,01,컬러그레이딩제작실습,신재준,화09:30-12:30,2,,
전공(인문예술대학/영화영상학과),855125,01,캡스톤디자인(영화제작실습Ⅰ),성지영,수09:30-13:30,3,,
전공(인문예술대학/영화영상학과),855125,02,캡스톤디자인(영화제작실습Ⅰ),윤장호,수09:30-13:30,3,,
전공(인문예술대학/영화영상학과),852066,01,장르와스타일분석,김수열,목09:30-12:30,2,,
전공(인문예술대학/영화영상학과),852513,01,취창업세미나(영화영상),한우정,목13:30-17:30,3,,
전공(인문예술대학/영화영상학과),852602,01,캡스톤디자인(영화제작실습III),한우정,화13:30-17:30,3,,
전공(인문예술대학/영화영상학과),852602,02,캡스톤디자인(영화제작실습III),한우정,수13:30-17:30,3,,
전공(인문예술대학/영화영상학과),854015,01,영화기획,김명주,월09:30-12:30,2,,
전공(인문예술대학/연기예술학과),851200,01,연기·연출실습Ⅰ,황연희,목13:30-16:30,2,,
전공(인문예술대학/연기예술학과),851200,02,연기·연출실습Ⅰ,장경순,목13:30-16:30,2,,
전공(인문예술대학/연기예술학과),852079,01,음성훈련I,연극강사1,수09:30-12:30,2,,
전공(인문예술대학/연기예술학과),855210,01,공연스텝실습기초Ⅰ,장경순,금09:30-13:30,3,,
전공(인문예술대학/연기예술학과),855211,01,공연제작융합과정Ⅰ,안대천,화12:30-15:30,2,,
전공(인문예술대학/연기예술학과),855220,01,신체훈련Ⅰ,오광욱,월13:30-16:30,2,,
전공(인문예술대학/연기예술학과),857601,01,인공지능시대의연극개론,안정민,"화10:00-11:30,수13:00-14:30",3,,
전공(인문예술대학/연기예술학과),851210,01,공연제작Ⅱ,권영호,월10:30-13:30,2,,
전공(인문예술대학/연기예술학과),851210,02,공연제작Ⅱ,권영호,수14:00-17:00,2,,
전공(인문예술대학/연기예술학과),851213,01,화술Ⅰ,황연희,화11:30-14:30,2,,
전공(인문예술대학/연기예술학과),851213,02,화술Ⅰ,황연희,수10:00-13:00,2,,
전공(인문예술대학/연기예술학과),851236,01,카메라연기Ⅰ,김명화,금13:30-16:30,2,,
전공(인문예술대학/연기예술학과),852025,01,가창,송욱경,목09:30-13:30,3,,
전공(인문예술대학/연기예술학과),852025,02,가창,송욱경,목13:30-17:30,3,,
전공(인문예술대학/연기예술학과),855208,01,연극교육론,김기란,금09:30-12:30,3,,
전공(인문예술대학/연기예술학과),855213,01,공연제작융합과정Ⅱ,정태진,화15:30-18:25,3,,
전공(인문예술대학/연기예술학과),851221,01,발레,김진선,화10:30-13:30,2,,
전공(인문예술대학/연기예술학과),852006,01,서양연극사,안정민,목13:30-15:30,2,,
전공(인문예술대학/연기예술학과),852093,01,연극영화교과교육론,김기란,수14:30-17:30,3,,
전공(인문예술대학/연기예술학과),855215,01,공연제작융합과정Ⅳ,임은주,월10:00-13:00,2,,
전공(인문예술대학/연기예술학과),855223,01,캡스톤디자인(공연제작Ⅳ),안정민,화14:30-18:25,3,,
전공(인문예술대학/연기예술학과),855223,02,캡스톤디자인(공연제작Ⅳ),안정민,금13:30-17:30,3,,
전공(인문예술대학/연기예술학과),857501,01,연기심화과정,박윤희,목09:30-12:30,2,,
전공(인문예술대학/연기예술학과),855209,01,연극교육프로그램개발,김명정,목10:30-13:30,2,,
전공(인문예술대학/연기예술학과),857503,01,공연과영상실습,장경순,수13:30-16:30,2,,
전공(인문예술대학/연기예술학과),857504,01,취창업세미나(연기),장경순,월10:30-14:30,3,,
전공(인문예술대학/실용음악학과),860005,01,컴퓨터음악기초1,김진하,수11:30-13:30,2,,
전공(인문예술대학/실용음악학과),860006,01,방송댄스1,김지영,화14:30-16:30,2,,
전공(인문예술대학/실용음악학과),860006,02,방송댄스1,김지영,화16:30-18:25,2,,
전공(인문예술대학/실용음악학과),860019,01,퍼포먼스워크샵1,권상희,목10:30-12:30,2,,
전공(인문예술대학/실용음악학과),862500,01,"전공실기기초(보컬,송라이팅,미디작곡)1",실용강사1,금09:30-10:30,1,,
전공(인문예술대학/실용음악학과),862500,02,"전공실기기초(보컬,송라이팅,미디작곡)1",실용강사1,금10:30-11:30,1,,
전공(인문예술대학/실용음악학과),862500,03,"전공실기기초(보컬,송라이팅,미디작곡)1",실용강사1,금11:30-12:30,1,,
전공(인문예술대학/실용음악학과),862500,04,"전공실기기초(보컬,송라이팅,미디작곡)1",실용강사1,금12:30-13:30,1,,
전공(인문예술대학/실용음악학과),862500,05,"전공실기기초(보컬,송라이팅,미디작곡)1",실용강사1,금13:30-14:30,1,,
전공(인문예술대학/실용음악학과),862500,06,"전공실기기초(보컬,송라이팅,미디작곡)1",실용강사1,금14:30-15:30,1,,
전공(인문예술대학/실용음악학과),862500,07,"전공실기기초(보컬,송라이팅,미디작곡)1",실용강사1,목09:30-10:30,1,,
전공(인문예술대학/실용음악학과),862500,08,"전공실기기초(보컬,송라이팅,미디작곡)1",실용강사1,목10:30-11:30,1,,
전공(인문예술대학/실용음악학과),862500,09,"전공실기기초(보컬,송라이팅,미디작곡)1",실용강사1,목11:30-12:30,1,,
전공(인문예술대학/실용음악학과),862500,10,"전공실기기초(보컬,송라이팅,미디작곡)1",실용강사2,금09:30-10:30,1,,
전공(인문예술대학/실용음악학과),862500,11,"전공실기기초(보컬,송라이팅,미디작곡)1",실용강사2,금10:30-11:30,1,,
전공(인문예술대학/실용음악학과),862500,12,"전공실기기초(보컬,송라이팅,미디작곡)1",실용강사2,금11:30-12:30,1,,
전공(인문예술대학/실용음악학과),862500,13,"전공실기기초(보컬,송라이팅,미디작곡)1",실용강사2,금12:30-13:30,1,,
전공(인문예술대학/실용음악학과),862500,14,"전공실기기초(보컬,송라이팅,미디작곡)1",실용강사2,금13:30-14:30,1,,
전공(인문예술대학/실용음악학과),862500,15,"전공실기기초(보컬,송라이팅,미디작곡)1",실용강사2,금14:30-15:30,1,,
전공(인문예술대학/실용음악학과),862500,16,"전공실기기초(보컬,송라이팅,미디작곡)1",실용강사2,목09:30-10:30,1,,
전공(인문예술대학/실용음악학과),862500,17,"전공실기기초(보컬,송라이팅,미디작곡)1",실용강사2,목10:30-11:30,1,,
전공(인문예술대학/실용음악학과),862500,18,"전공실기기초(보컬,송라이팅,미디작곡)1",실용강사2,목11:30-12:30,1,,
전공(인문예술대학/실용음악학과),862500,19,"전공실기기초(보컬,송라이팅,미디작곡)1",실용강사3,금09:30-10:30,1,,
전공(인문예술대학/실용음악학과),862500,20,"전공실기기초(보컬,송라이팅,미디작곡)1",실용강사3,금10:30-11:30,1,,
전공(인문예술대학/실용음악학과),862500,21,"전공실기기초(보컬,송라이팅,미디작곡)1",실용강사3,금11:30-12:30,1,,
전공(인문예술대학/실용음악학과),862500,22,"전공실기기초(보컬,송라이팅,미디작곡)1",실용강사3,금12:30-13:30,1,,
전공(인문예술대학/실용음악학과),862501,01,세션앙상블1,노승현,월14:30-16:30,2,,
전공(인문예술대학/실용음악학과),862501,02,세션앙상블1,마준호,월14:30-16:30,2,,
전공(인문예술대학/실용음악학과),862502,01,발성과딕션1,박봄,목12:30-14:30,2,,
전공(인문예술대학/실용음악학과),862503,01,화성과실용음악이론기초,권상희,화10:00-13:00,3,,
전공(인문예술대학/실용음악학과),860003,01,실용음악화성학1,김현지,수11:30-13:30,2,,
전공(인문예술대학/실용음악학과),860016,01,컴퓨터음악응용1,김진하,수09:30-11:30,2,,
전공(인문예술대학/실용음악학과),860032,01,퍼포먼스워크샵3,권상희,화15:00-17:00,2,,
전공(인문예술대학/실용음악학과),862507,01,"전공실기심화(보컬,송라이팅,미디작곡)1",권상희,수11:30-12:30,1,,
전공(인문예술대학/실용음악학과),862507,02,"전공실기심화(보컬,송라이팅,미디작곡)1",권상희,수12:30-13:30,1,,
전공(인문예술대학/실용음악학과),862507,03,"전공실기심화(보컬,송라이팅,미디작곡)1",권상희,수13:30-14:30,1,,
전공(인문예술대학/실용음악학과),862507,04,"전공실기심화(보컬,송라이팅,미디작곡)1",권상희,수14:30-15:30,1,,
전공(인문예술대학/실용음악학과),862507,05,"전공실기심화(보컬,송라이팅,미디작곡)1",박민주,수11:30-12:30,1,,
전공(인문예술대학/실용음악학과),862507,06,"전공실기심화(보컬,송라이팅,미디작곡)1",박민주,수12:30-13:30,1,,
전공(인문예술대학/실용음악학과),862507,07,"전공실기심화(보컬,송라이팅,미디작곡)1",박민주,수13:30-14:30,1,,
전공(인문예술대학/실용음악학과),862507,08,"전공실기심화(보컬,송라이팅,미디작곡)1",실용강사3,월13:30-14:30,1,,
전공(인문예술대학/실용음악학과),862507,09,"전공실기심화(보컬,송라이팅,미디작곡)1",주형우,화12:30-13:30,1,,
전공(인문예술대학/실용음악학과),862507,10,"전공실기심화(보컬,송라이팅,미디작곡)1",김여진,월11:30-12:30,1,,
전공(인문예술대학/실용음악학과),862507,11,"전공실기심화(보컬,송라이팅,미디작곡)1",김여진,월14:30-15:30,1,,
전공(인문예술대학/실용음악학과),862507,12,"전공실기심화(보컬,송라이팅,미디작곡)1",전시언,목14:30-15:30,1,,
전공(인문예술대학/실용음악학과),862507,13,"전공실기심화(보컬,송라이팅,미디작곡)1",박봄,목14:30-15:30,1,,
전공(인문예술대학/실용음악학과),862507,14,"전공실기심화(보컬,송라이팅,미디작곡)1",이길상,목10:30-11:30,1,,
전공(인문예술대학/실용음악학과),862507,15,"전공실기심화(보컬,송라이팅,미디작곡)1",이길상,목11:30-12:30,1,,
전공(인문예술대학/실용음악학과),862507,16,"전공실기심화(보컬,송라이팅,미디작곡)1",이길상,목16:30-17:30,1,,
전공(인문예술대학/실용음악학과),862507,17,"전공실기심화(보컬,송라이팅,미디작곡)1",김찬오,금11:30-12:30,1,,
전공(인문예술대학/실용음악학과),862507,18,"전공실기심화(보컬,송라이팅,미디작곡)1",김찬오,금13:30-14:30,1,,
전공(인문예술대학/실용음악학과),862507,19,"전공실기심화(보컬,송라이팅,미디작곡)1",김찬오,금14:30-15:30,1,,
전공(인문예술대학/실용음악학과),862507,20,"전공실기심화(보컬,송라이팅,미디작곡)1",주형우,화14:30-15:30,1,,
전공(인문예술대학/실용음악학과),862507,21,"전공실기심화(보컬,송라이팅,미디작곡)1",실용강사3,월09:30-10:30,1,,
전공(인문예술대학/실용음악학과),862507,22,"전공실기심화(보컬,송라이팅,미디작곡)1",실용강사3,월10:30-11:30,1,,
전공(인문예술대학/실용음악학과),862507,23,"전공실기심화(보컬,송라이팅,미디작곡)1",실용강사3,월11:30-12:30,1,,
전공(인문예술대학/실용음악학과),862507,24,"전공실기심화(보컬,송라이팅,미디작곡)1",실용강사3,월12:30-13:30,1,,
전공(인문예술대학/실용음악학과),862508,01,세션앙상블3,노승현,월12:30-14:30,2,,
전공(인문예술대학/실용음악학과),862508,02,세션앙상블3,마준호,월12:30-14:30,2,,
전공(인문예술대학/실용음악학과),862509,01,앙상블Ⅰ,이길상,목12:30-14:30,2,,
전공(인문예술대학/실용음악학과),862601,01,생성형AI송라이팅1,유영하,화12:30-14:30,2,,
전공(인문예술대학/실용음악학과),860030,01,스튜디오프로듀싱1,유영하,화10:30-12:30,2,,
전공(인문예술대학/실용음악학과),862510,01,대중음악사1,김현지,수09:30-11:30,2,,
전공(인문예술대학/실용음악학과),862517,01,"전공실기심화(보컬,송라이팅,미디작곡)3",주형우,화15:30-16:30,1,,
전공(인문예술대학/실용음악학과),862517,02,"전공실기심화(보컬,송라이팅,미디작곡)3",주형우,수11:30-12:30,1,,
전공(인문예술대학/실용음악학과),862517,03,"전공실기심화(보컬,송라이팅,미디작곡)3",주형우,수12:30-13:30,1,,
전공(인문예술대학/실용음악학과),862517,04,"전공실기심화(보컬,송라이팅,미디작곡)3",박민주,수14:30-15:30,1,,
전공(인문예술대학/실용음악학과),862517,05,"전공실기심화(보컬,송라이팅,미디작곡)3",박봄,목10:30-11:30,1,,
전공(인문예술대학/실용음악학과),862517,06,"전공실기심화(보컬,송라이팅,미디작곡)3",박봄,목11:30-12:30,1,,
전공(인문예술대학/실용음악학과),862517,07,"전공실기심화(보컬,송라이팅,미디작곡)3",조경란,수12:30-13:30,1,,
전공(인문예술대학/실용음악학과),862517,08,"전공실기심화(보컬,송라이팅,미디작곡)3",조경란,수13:30-14:30,1,,
전공(인문예술대학/실용음악학과),862517,09,"전공실기심화(보컬,송라이팅,미디작곡)3",김찬오,금10:30-11:30,1,,
전공(인문예술대학/실용음악학과),862517,10,"전공실기심화(보컬,송라이팅,미디작곡)3",실용강사4,월09:30-10:30,1,,
전공(인문예술대학/실용음악학과),862517,11,"전공실기심화(보컬,송라이팅,미디작곡)3",실용강사4,월10:30-11:30,1,,
전공(인문예술대학/실용음악학과),862517,12,"전공실기심화(보컬,송라이팅,미디작곡)3",실용강사4,월11:30-12:30,1,,
전공(인문예술대학/실용음악학과),862517,13,"전공실기심화(보컬,송라이팅,미디작곡)3",실용강사4,월12:30-13:30,1,,
전공(인문예술대학/실용음악학과),862517,14,"전공실기심화(보컬,송라이팅,미디작곡)3",실용강사4,월13:30-14:30,1,,
전공(인문예술대학/실용음악학과),862517,15,"전공실기심화(보컬,송라이팅,미디작곡)3",실용강사4,월14:30-15:30,1,,
전공(인문예술대학/실용음악학과),862517,16,"전공실기심화(보컬,송라이팅,미디작곡)3",실용강사4,월15:30-16:30,1,,
전공(인문예술대학/실용음악학과),862517,17,"전공실기심화(보컬,송라이팅,미디작곡)3",실용강사4,월16:30-17:30,1,,
전공(인문예술대학/실용음악학과),862518,01,관현악편곡법Ⅰ,김진하,수13:30-14:30,1,,
전공(인문예술대학/실용음악학과),862519,01,앙상블Ⅲ,이길상,목14:30-16:30,2,,
전공(인문예술대학/실용음악학과),862520,01,퍼포먼스워크샵5,권상희,화13:00-15:00,2,,
전공(인문예술대학/실용음악학과),862521,01,미디어콘텐츠제작기초,마준호,월09:30-12:30,3,,
전공(인문예술대학/실용음악학과),860043,01,스튜디오프로듀싱응용1,유영하,화15:30-17:30,2,,
전공(인문예술대학/실용음악학과),862528,01,"전공실기심화(보컬,송라이팅,미디작곡)5",김여진,월12:30-13:30,1,,
전공(인문예술대학/실용음악학과),862528,02,"전공실기심화(보컬,송라이팅,미디작곡)5",김여진,월15:30-16:30,1,,
전공(인문예술대학/실용음악학과),862528,03,"전공실기심화(보컬,송라이팅,미디작곡)5",주형우,화13:30-14:30,1,,
전공(인문예술대학/실용음악학과),862528,04,"전공실기심화(보컬,송라이팅,미디작곡)5",주형우,화11:30-12:30,1,,
전공(인문예술대학/실용음악학과),862528,05,"전공실기심화(보컬,송라이팅,미디작곡)5",박민주,수15:30-16:30,1,,
전공(인문예술대학/실용음악학과),862528,06,"전공실기심화(보컬,송라이팅,미디작곡)5",전시언,목15:30-16:30,1,,
전공(인문예술대학/실용음악학과),862528,07,"전공실기심화(보컬,송라이팅,미디작곡)5",전시언,목16:30-17:30,1,,
전공(인문예술대학/실용음악학과),862528,08,"전공실기심화(보컬,송라이팅,미디작곡)5",박봄,목15:30-16:30,1,,
전공(인문예술대학/실용음악학과),862528,09,"전공실기심화(보컬,송라이팅,미디작곡)5",김찬오,금12:30-13:30,1,,
전공(인문예술대학/실용음악학과),862528,10,"전공실기심화(보컬,송라이팅,미디작곡)5",실용강사5,화10:30-11:30,1,,
전공(인문예술대학/실용음악학과),862528,11,"전공실기심화(보컬,송라이팅,미디작곡)5",실용강사5,화11:30-12:30,1,,
전공(인문예술대학/실용음악학과),862528,12,"전공실기심화(보컬,송라이팅,미디작곡)5",실용강사5,화12:30-13:30,1,,
전공(인문예술대학/실용음악학과),862528,13,"전공실기심화(보컬,송라이팅,미디작곡)5",실용강사5,화13:30-14:30,1,,
전공(인문예술대학/실용음악학과),862528,14,"전공실기심화(보컬,송라이팅,미디작곡)5",실용강사5,화14:30-15:30,1,,
전공(인문예술대학/실용음악학과),862528,15,"전공실기심화(보컬,송라이팅,미디작곡)5",실용강사5,화15:30-16:30,1,,
전공(인문예술대학/실용음악학과),862528,16,"전공실기심화(보컬,송라이팅,미디작곡)5",실용강사5,화16:30-17:30,1,,
전공(인문예술대학/실용음악학과),862528,17,"전공실기심화(보컬,송라이팅,미디작곡)5",실용강사5,화17:30-18:25,1,,
전공(인문예술대학/실용음악학과),862529,01,퍼포먼스워크샵7,권상희,목12:30-14:30,2,,
전공(인문예술대학/실용음악학과),862530,01,캡스톤디자인(졸업연주워크샵1),권상희,월13:30-15:30,2,,
전공(인문예술대학/한국어문학과),014025,01,한국문화교육론(3영역),김연희,화09:30-12:30,3,,
전공(인문예술대학/한국어문학과),012118,01,현대시의이론과실제,전철희,화09:30-12:30,3,,
전공(인문예술대학/한국어문학과),014030,01,한국어문법교육론(3영역),김연희,"화15:00-16:30,목11:00-12:30",3,,
전공(인문예술대학/한국어문학과),014031,01,외국어로서의한국어교육실습(5영역),공하림,수13:00-16:00,3,,
전공(인문예술대학/한국어문학과),014033,01,한국어평가론(3영역),김연희,"화13:30-15:00,목09:30-11:00",3,,
전공(인문예술대학/K-문화콘텐츠융합전공),081012,01,문화트렌드의이해,박현린,수11:30-14:30,3,,
전공(인문예술대학/K-문화콘텐츠융합전공),081010,01,영상콘텐츠산업과영화읽기,최수지,수14:30-17:30,3,,
전공(인문예술대학/K-문화콘텐츠융합전공),081002,01,문화브랜딩과포지셔닝기법,조용기,금11:30-14:30,3,,
전공(인문예술대학/K-문화콘텐츠융합전공),081003,01,디자인과문화,최성운,월13:30-16:30,3,,
전공(인문예술대학/K-문화콘텐츠융합전공),081011,01,K-문화코드읽기,김승남,월10:00-13:00,3,,
전공(인문예술대학/K-문화콘텐츠융합전공),081008,01,캐릭터산업과광고,윤장호,금14:30-17:30,3,,
전공(글로벌산업통상대학/글로벌경제학과),112090,01,경제학원론,조윤기,"화14:00-15:30,수11:30-13:00",3,,
전공(글로벌산업통상대학/글로벌경제학과),112090,02,경제학원론,조윤기,"수14:00-15:30,목14:00-15:30",3,,
전공(글로벌산업통상대학/글로벌경제학과),112500,01,경제학입문,조윤기,"월14:00-15:30,목15:30-17:00",3,,
전공(글로벌산업통상대학/글로벌경제학과),114009,01,개인재무설계,신영철,화17:00-18:00,3,,
전공(글로벌산업통상대학/글로벌경제학과),112093,01,미시경제학,신영철,"화10:00-11:30,수10:00-11:30",3,,
전공(글로벌산업통상대학/글로벌경제학과),112094,01,거시경제학,현성민,월14:30-17:30,3,,
전공(글로벌산업통상대학/글로벌경제학과),112168,01,기업회계,이의경,목14:30-17:30,3,,
전공(글로벌산업통상대학/글로벌경제학과),114016,01,글로벌경제의이해,권선희,"화11:30-13:00,수11:30-13:00",3,,
전공(글로벌산업통상대학/글로벌경제학과),114016,02,글로벌경제의이해,권선희,목17:30-18:25,3,,
전공(글로벌산업통상대학/글로벌경제학과),114019,01,화폐금융,현성민,수14:30-17:30,3,,
전공(글로벌산업통상대학/글로벌경제학과),114020,01,산업경제,조윤기,"화11:30-13:00,목11:30-13:00",3,,
전공(글로벌산업통상대학/글로벌경제학과),114021,01,국제경제,권선희,"화10:00-11:30,목10:00-11:30",3,,
전공(글로벌산업통상대학/글로벌경제학과),112502,01,캡스톤디자인(글로벌경제현상분석),권선희,수13:30-17:30,3,,
전공(글로벌산업통상대학/글로벌경제학과),114011,01,전략적사고,권선희,"월10:00-11:30,수10:00-11:30",3,,
전공(글로벌산업통상대학/경영학과),121083,01,경영학원론,김정식,"수15:30-17:00,목14:00-15:30",3,,
전공(글로벌산업통상대학/경영학과),122013,01,경영통계학,김한민,"수11:30-13:00,목11:30-13:00",3,,
전공(글로벌산업통상대학/경영학과),122013,02,경영통계학,김신중,화13:30-16:30,3,,
전공(글로벌산업통상대학/경영학과),122097,01,재무회계,장석진,"화10:00-11:30,목10:00-11:30",3,,
전공(글로벌산업통상대학/경영학과),122097,02,재무회계,장석진,"화11:30-13:00,목11:30-13:00",3,,
전공(글로벌산업통상대학/경영학과),122099,01,마케팅관리,조현영,"화14:00-15:30,목14:00-15:30",3,,
전공(글로벌산업통상대학/경영학과),122099,02,마케팅관리,조현영,"화15:30-17:00,목15:30-17:00",3,,
전공(글로벌산업통상대학/경영학과),122099,03,마케팅관리,손준상,"월11:30-13:00,화11:30-13:00",3,,
전공(글로벌산업통상대학/경영학과),122100,01,조직행동론,김정식,"월14:00-15:30,수14:00-15:30",3,,
전공(글로벌산업통상대학/경영학과),122100,02,조직행동론,김정식,금20:30-21:20,3,,
전공(글로벌산업통상대학/경영학과),122126,01,계량의사결정론,김한민,"월10:00-11:30,수10:00-11:30",3,,
전공(글로벌산업통상대학/경영학과),124016,01,e-비즈니스,류성열,"월11:30-13:00,수11:30-13:00",3,,
전공(글로벌산업통상대학/경영학과),124016,02,e-비즈니스,류성열,금10:30-13:30,3,,
전공(글로벌산업통상대학/경영학과),124016,03,e-비즈니스,류성열,월17:30-18:25,3,,
전공(글로벌산업통상대학/경영학과),122043,01,증권투자론,금병욱,"화11:30-13:00,목11:30-13:00",3,,
전공(글로벌산업통상대학/경영학과),122043,02,증권투자론,금병욱,"월15:30-17:00,수15:30-17:00",3,,
전공(글로벌산업통상대학/경영학과),122043,03,증권투자론,이의경,수09:30-12:30,3,,
전공(글로벌산업통상대학/경영학과),122104,01,원가.관리회계,장석진,"월11:30-13:00,수11:30-13:00",3,,
전공(글로벌산업통상대학/경영학과),122104,02,원가.관리회계,장석진,금17:30-18:25,3,,
전공(글로벌산업통상대학/경영학과),122114,01,서비스운영관리,김한민,"월14:00-15:30,화14:00-15:30",3,,
전공(글로벌산업통상대학/경영학과),122114,02,서비스운영관리,김신중,화09:30-12:30,3,,
전공(글로벌산업통상대학/경영학과),125003,01,공급사슬관리,류성열,"수14:00-15:30,목14:00-15:30",3,,
전공(글로벌산업통상대학/경영학과),122044,01,소비자행동론,조현영,"월11:30-13:00,수11:30-13:00",3,,
전공(글로벌산업통상대학/경영학과),122044,02,소비자행동론,손준상,"월14:00-15:30,화14:00-15:30",3,,
전공(글로벌산업통상대학/경영학과),122046,01,경영분석,금병욱,"화14:00-15:30,목14:00-15:30",3,,
전공(글로벌산업통상대학/경영학과),122046,02,경영분석,이의경,수14:30-17:30,3,,
전공(글로벌산업통상대학/경영학과),122111,01,경영전략론,김정식,"월15:30-17:00,목15:30-17:00",3,,
전공(글로벌산업통상대학/경영학과),122111,02,경영전략론,김정식,화19:15-20:05,3,,
전공(글로벌산업통상대학/경영학과),122501,01,취창업세미나(경영),김정식,금13:30-16:30,3,,
전공(글로벌산업통상대학/경영학과),125014,01,비즈니스애널리틱스,류성열,"월14:00-15:30,목11:30-13:00",3,,
전공(글로벌산업통상대학/국제통상학과),132082,01,비즈니스영어,맹철규,"화10:00-11:30,수10:00-11:30",3,,
전공(글로벌산업통상대학/국제통상학과),132082,02,비즈니스영어,맹철규,목19:40-20:30,3,,
전공(글로벌산업통상대학/국제통상학과),135021,01,국제통상학의이해,고재길,"월11:30-13:00,수11:30-13:00",3,,
전공(글로벌산업통상대학/국제통상학과),131011,01,국제통상실무I,손상기,"화11:30-13:00,수11:30-13:00",3,,
전공(글로벌산업통상대학/국제통상학과),131011,02,국제통상실무I,손상기,월19:40-20:30,3,,
전공(글로벌산업통상대학/국제통상학과),132034,01,국제금융론,고재길,"월10:00-11:30,화10:00-11:30",3,,
전공(글로벌산업통상대학/국제통상학과),132034,02,국제금융론,고재길,목18:25-19:15,3,,
전공(글로벌산업통상대학/국제통상학과),135017,01,무역관련기본법규,오진호,"월14:00-15:30,화13:30-15:00",3,,
전공(글로벌산업통상대학/국제통상학과),135022,01,글로벌e-Business,고형일,수13:30-16:30,3,,
전공(글로벌산업통상대학/국제통상학과),132031,01,대금결제론,손상기,"월11:30-13:00,목11:30-13:00",3,,
전공(글로벌산업통상대학/국제통상학과),132033,01,국제운송론,오진호,"수11:30-13:00,목14:00-15:30",3,,
전공(글로벌산업통상대학/국제통상학과),132601,01,디지털무역론,오진호,"화15:30-17:00,수14:00-15:30",3,,
전공(글로벌산업통상대학/국제통상학과),135003,01,무역과통상정책,고재길,"수10:00-11:30,목10:00-11:30",3,,
전공(글로벌산업통상대학/국제통상학과),135007,01,신용장클레임사례,손상기,"월10:00-11:30,화10:00-11:30",3,,
전공(글로벌산업통상대학/국제통상학과),135019,01,동북아통상론,고재길,"월14:00-15:30,화11:30-13:00",3,,
전공(글로벌산업통상대학/국제통상학과),132048,01,국제경영전략,손상기,"수10:00-11:30,목10:00-11:30",3,,
전공(글로벌산업통상대학/국제통상학과),132048,02,국제경영전략,손상기,금19:40-20:30,3,,
전공(글로벌산업통상대학/국제통상학과),132500,01,취창업세미나(국통),정필성,화13:30-17:30,3,,
전공(글로벌산업통상대학/국제통상학과),135008,01,국제유통세미나,오진호,"월11:30-13:00,목11:30-13:00",3,,
전공(글로벌산업통상대학/국제통상학과),135025,01,"캡스톤디자인(무역,e-Business)",고재길,수13:30-17:30,3,,
전공(글로벌산업통상대학/국제지역학전공),252500,01,경제분석원론,최윤상,"화14:00-15:30,목14:00-15:30",3,,
전공(글로벌산업통상대학/국제지역학전공),252501,01,문화와정치,노병렬,"월13:30-15:00,수13:30-15:00",3,,
전공(글로벌산업통상대학/국제지역학전공),252502,01,국제지역학의입문,노병렬,"월15:30-17:00,수15:30-17:00",3,,
전공(글로벌산업통상대학/국제지역학전공),252601,01,영어회화기초,Sarah Choi,"수10:00-11:30,목10:00-11:30",3,,
전공(글로벌산업통상대학/국제지역학전공),252601,02,영어회화기초,Sarah Choi,"수11:30-13:00,목11:30-13:00",3,,
전공(글로벌산업통상대학/국제지역학전공),255030,01,동아시아세계와일본,최석완,"월11:30-13:00,화11:30-13:00",3,,
전공(글로벌산업통상대학/국제지역학전공),252505,01,글로벌경제,최윤상,"수15:30-17:00,목15:30-17:00",3,,
전공(글로벌산업통상대학/국제지역학전공),252506,01,세계화의이슈와쟁점,노병렬,화11:30-14:30,3,,
전공(글로벌산업통상대학/국제지역학전공),252507,01,동아시아비교문화론,최석완,"월15:30-17:00,화15:30-17:00",3,,
전공(글로벌산업통상대학/국제지역학전공),255026,01,초급일어회화,타카쿠사키미나,"목13:30-15:00,금13:30-15:00",3,,
전공(글로벌산업통상대학/국제지역학전공),255026,02,초급일어회화,최석완,"월10:00-11:30,화10:00-11:30",3,,
전공(글로벌산업통상대학/국제지역학전공),252131,01,고급일어회화,타카쿠사키미나,"목11:30-13:00,금11:30-13:00",3,,
전공(글로벌산업통상대학/국제지역학전공),252603,01,국제정치경제와글로벌거버넌스,노병렬,"월11:30-13:00,수11:30-13:00",3,,
전공(글로벌산업통상대학/국제지역학전공),252604,01,글로벌산업구조및무역정책,최윤상,"수14:00-15:30,금14:00-15:30",3,,
전공(글로벌산업통상대학/국제지역학전공),254022,01,일본문학세미나,타카쿠사키미나,"월13:30-15:00,화13:30-15:00",3,,
전공(글로벌산업통상대학/국제지역학전공),255008,01,비즈니스일본어I,타카쿠사키미나,"월11:30-13:00,화11:30-13:00",3,,
전공(글로벌산업통상대학/국제지역학전공),255032,01,일본학세미나Ⅰ,최석완,"수10:00-11:30,목10:00-11:30",3,,
전공(글로벌산업통상대학/중국학전공),262500,01,기초중국어회화1,최금단,"화14:00-15:30,수10:00-11:30",3,,
전공(글로벌산업통상대학/중국학전공),262500,02,기초중국어회화1,최금단,"수11:30-13:00,목10:00-11:30",3,,
전공(글로벌산업통상대학/중국학전공),262500,03,기초중국어회화1,최금단,화15:30-18:25,3,,
전공(글로벌산업통상대학/중국학전공),264018,01,중국지역학입문,조대원,월20:30-21:20,3,,
전공(글로벌산업통상대학/중국학전공),264026,01,초급중국어1,여문리,목11:30-14:30,3,,
전공(글로벌산업통상대학/중국학전공),264026,02,초급중국어1,여문리,목15:30-18:25,3,,
전공(글로벌산업통상대학/중국학전공),261003,01,중급중국어1,박상림,"수10:00-11:30,목10:00-11:30",3,,
전공(글로벌산업통상대학/중국학전공),261003,02,중급중국어1,박상림,"수14:00-15:30,목14:00-15:30",3,,
전공(글로벌산업통상대학/중국학전공),262025,01,한중무역실무,조대원,화20:30-21:20,3,,
전공(글로벌산업통상대학/중국학전공),262025,02,한중무역실무,박정수,금10:00-13:00,3,,
전공(글로벌산업통상대학/중국학전공),262046,01,중국문학개론,권인영,목13:30-16:30,3,,
전공(글로벌산업통상대학/중국학전공),262503,01,중급중국어회화1,최금단,"목11:30-13:00,금10:00-11:30",3,,
전공(글로벌산업통상대학/중국학전공),262503,02,중급중국어회화1,박상림,"수11:30-13:00,목11:30-13:00",3,,
전공(글로벌산업통상대학/중국학전공),262503,03,중급중국어회화1,최금단,수13:00-16:00,3,,
전공(글로벌산업통상대학/중국학전공),262074,01,외국어교과교육론,조미영,수15:30-18:25,3,,
전공(글로벌산업통상대학/중국학전공),262076,01,외국어교과논리및논술,조미영,목15:30-18:25,3,,
전공(글로벌산업통상대학/중국학전공),262505,01,미디어중국어,권인영,목10:30-13:30,3,,
전공(글로벌산업통상대학/중국학전공),264011,01,중국기업분석,조대원,"수14:00-15:30,목14:00-15:30",3,,
전공(글로벌산업통상대학/중국학전공),264011,02,중국기업분석,박정수,금13:30-16:30,3,,
전공(글로벌산업통상대학/중국학전공),264032,01,중국어작문1,동총,수10:30-13:30,3,,
전공(글로벌산업통상대학/중국학전공),264032,02,중국어작문1,동총,수15:30-18:25,3,,
전공(글로벌산업통상대학/중국학전공),264032,03,중국어작문1,박상림,화10:00-13:00,3,,
전공(글로벌산업통상대학/중국학전공),262507,01,고급HSK연습,장천,목11:30-14:30,3,,
전공(글로벌산업통상대학/중국학전공),262508,01,취창업세미나(중국학),조대원,수15:30-18:25,3,,
전공(글로벌산업통상대학/중국학전공),264023,01,고급중국어,장천,목15:30-18:25,3,,
전공(글로벌산업통상대학/중국학전공),264048,01,중국CEO연구,조대원,"월14:00-15:30,화14:00-15:30",3,,
전공(글로벌산업통상대학/중국학전공),264048,02,중국CEO연구,박상림,월10:00-13:00,3,,
전공(글로벌산업통상대학/미국학전공),241046,01,미국정부,정임재,수11:30-14:30,3,,
전공(글로벌산업통상대학/미국학전공),242104,01,미국산업구조,최윤상,화15:30-18:25,3,,
전공(글로벌산업통상대학/미국학전공),242117,01,미국사상,정임재,수15:30-18:25,3,,
전공(공공인재대학/공공인재법학과),161003,01,헌법I,김도협,목09:30-12:30,3,,
전공(공공인재대학/공공인재법학과),161003,02,헌법I,김도협,목21:20-22:10,3,,
전공(공공인재대학/공공인재법학과),162500,01,법학입문,최용전,"월13:30-15:00,목13:30-15:00",3,,
전공(공공인재대학/공공인재법학과),162500,02,법학입문,최용전,목10:00-13:00,3,,
전공(공공인재대학/공공인재법학과),161049,01,형법총론,최대호,"화11:30-13:00,수11:30-13:00",3,,
전공(공공인재대학/공공인재법학과),162097,01,물권법,이종덕,"목11:30-13:00,금11:30-13:00",3,,
전공(공공인재대학/공공인재법학과),162097,02,물권법,이종덕,수15:30-18:25,3,,
전공(공공인재대학/공공인재법학과),165001,01,행정법총론,최용전,"월10:00-11:30,수10:00-11:30",3,,
전공(공공인재대학/공공인재법학과),165001,02,행정법총론,최용전,금19:15-20:05,3,,
전공(공공인재대학/공공인재법학과),165011,01,헌법재판과판례,장욱,목13:30-16:30,3,,
전공(공공인재대학/공공인재법학과),165011,02,헌법재판과판례,김도협,금10:00-13:00,3,,
전공(공공인재대학/공공인재법학과),165015,01,LEET연습,최대호,"화15:30-17:00,수15:30-17:00",3,,
전공(공공인재대학/공공인재법학과),165016,01,상법Ⅰ,이종덕,"목10:00-11:30,금10:00-11:30",3,,
전공(공공인재대학/공공인재법학과),165016,02,상법Ⅰ,이종덕,목16:30-19:15,3,,
전공(공공인재대학/공공인재법학과),165019,01,공직선거법,김도협,목13:30-16:30,3,,
전공(공공인재대학/공공인재법학과),165020,01,가족정책법,천영성,"월11:30-13:00,화11:30-13:00",3,,
전공(공공인재대학/공공인재법학과),165026,01,민사소송법실무Ⅰ,김명엽,수13:30-17:30,3,,
전공(공공인재대학/공공인재법학과),165031,01,형사소송법I,최대호,"월10:00-11:30,화10:00-11:30",3,,
전공(공공인재대학/공공인재법학과),165031,02,형사소송법I,최대호,월13:30-16:30,3,,
전공(공공인재대학/공공인재법학과),162601,01,AI시대의노동법,이종덕,"화10:00-11:30,수10:00-11:30",3,,
전공(공공인재대학/공공인재법학과),165022,01,부동산법Ⅱ,장욱,목09:30-12:30,3,,
전공(공공인재대학/공공인재법학과),165028,01,실용행정법,최용전,"수11:30-13:00,목15:30-17:00",3,,
전공(공공인재대학/공공인재법학과),165029,01,실용형법,최대호,"월11:30-13:00,수13:30-15:00",3,,
전공(공공인재대학/행정정보학과),172001,01,행정학원론,홍성우,"월11:30-13:00,목11:30-13:00",3,,
전공(공공인재대학/행정정보학과),172501,01,기초행정학,고대유,"수15:30-17:00,목15:30-17:00",3,,
전공(공공인재대학/행정정보학과),175029,01,행정과컴퓨터프로그래밍,김창진,"월13:30-15:00,목13:30-15:00",3,,
전공(공공인재대학/행정정보학과),172006,01,행정조사방법론,고대유,"화13:30-15:00,금11:30-13:00",3,,
전공(공공인재대학/행정정보학과),174009,01,정책학,김종래,월09:30-12:30,3,,
전공(공공인재대학/행정정보학과),175005,01,행정조직관리론,행정강사2,"화10:00-11:30,금10:00-11:30",3,,
전공(공공인재대학/행정정보학과),175031,01,공공데이터베이스관리론,김창진,"목15:30-17:00,금13:30-15:00",3,,
전공(공공인재대학/행정정보학과),175043,01,NCS기반취업설계,홍성우,"월13:30-15:00,목13:30-15:00",3,,
전공(공공인재대학/행정정보학과),172010,01,지방재정론,행정강사2,"월10:00-11:30,수10:00-11:30",3,,
전공(공공인재대학/행정정보학과),172502,01,캡스톤디자인(지역발전),홍성우,화11:30-15:30,3,,
전공(공공인재대학/행정정보학과),175036,01,전산회계실무,고대유,"수13:30-15:00,목13:30-15:00",3,,
전공(공공인재대학/행정정보학과),175037,01,행정법개론,이진규,수15:00-18:00,3,,
전공(공공인재대학/행정정보학과),172054,01,공기업론,행정강사2,"월13:30-15:00,수13:30-15:00",3,,
전공(공공인재대학/행정정보학과),172602,01,AI행정실무,김창진,"월10:00-11:30,수10:00-11:30",3,,
전공(공공인재대학/행정정보학과),175038,01,행정공공이론,행정강사4,화14:30-17:30,3,,
전공(공공인재대학/행정정보학과),175039,01,빅데이터시각화,김창진,"월15:30-17:00,수15:30-17:00",3,,
전공(공공인재대학/사회복지학과),191001,01,사회복지학개론,안치민,"화13:30-15:00,수13:30-15:00",3,,
전공(공공인재대학/사회복지학과),192601,01,문화다양성과사회복지,사회강사1,"화11:30-13:00,금11:30-13:00",3,,
전공(공공인재대학/사회복지학과),195014,01,사회복지현장의탐색,배종필,목13:30-17:30,3,,
전공(공공인재대학/사회복지학과),192007,01,가족복지론,김소희,"화11:30-13:00,목11:30-13:00",3,,
전공(공공인재대학/사회복지학과),192007,02,가족복지론,김소희,"화14:00-15:30,목14:00-15:30",3,,
전공(공공인재대학/사회복지학과),192017,01,장애인복지론,배종필,"월10:00-11:30,목10:00-11:30",3,,
전공(공공인재대학/사회복지학과),192017,02,장애인복지론,사회강사1,"목11:30-13:00,금10:00-11:30",3,,
전공(공공인재대학/사회복지학과),192027,01,사회복지조사론,홍세영,"월14:00-15:30,수11:30-13:00",3,,
전공(공공인재대학/사회복지학과),192027,02,사회복지조사론,홍세영,"화10:00-11:30,수14:00-15:30",3,,
전공(공공인재대학/사회복지학과),195008,01,사회복지법제와실천,홍세영,"월11:30-13:00,금11:30-13:00",3,,
전공(공공인재대학/사회복지학과),195008,02,사회복지법제와실천,홍세영,"수10:00-11:30,금14:00-15:30",3,,
전공(공공인재대학/사회복지학과),192031,01,사회복지실천기술론,이수비,"화12:00-13:30,수10:00-11:30",3,,
전공(공공인재대학/사회복지학과),192031,02,사회복지실천기술론,이수비,"화13:30-15:00,목10:00-11:30",3,,
전공(공공인재대학/사회복지학과),192036,01,사회복지정책론,안치민,"화15:30-17:00,목13:30-15:00",3,,
전공(공공인재대학/사회복지학과),192036,02,사회복지정책론,안치민,"수15:30-17:00,목15:30-17:00",3,,
전공(공공인재대학/사회복지학과),192043,01,프로그램개발과평가,김소희,"월11:30-13:00,수11:30-13:00",3,,
전공(공공인재대학/사회복지학과),192043,02,프로그램개발과평가,김소희,"월14:00-15:30,수14:00-15:30",3,,
전공(공공인재대학/사회복지학과),195011,01,학교사회복지론,정명희,화10:30-13:30,3,,
전공(공공인재대학/사회복지학과),192015,01,사회복지현장실습II,배종필,월13:30-17:30,3,,
전공(공공인재대학/사회복지학과),192056,01,사례관리론,정명희,화13:30-17:30,3,,
전공(공공인재대학/사회복지학과),192602,01,AI기반사회문제해결과복지실무,이수비,수11:30-15:30,3,,
전공(공공인재대학/사회복지학과),192602,02,AI기반사회문제해결과복지실무,이수비,목11:30-15:30,3,,
전공(공공인재대학/사회복지학과),195009,01,정신건강사회복지론,이수비,금10:30-13:30,3,,
전공(공공인재대학/아동학과),191004,01,보육학개론,박영아,"화12:00-13:30,수13:30-15:00",3,,
전공(공공인재대학/아동학과),191005,01,영유아발달,김영희,"월12:00-13:30,목11:30-13:00",3,,
전공(공공인재대학/아동학과),191005,02,영유아발달,손지향,금10:00-13:00,3,,
전공(공공인재대학/아동학과),234026,01,건강가정론,최경,"월10:00-11:30,금10:00-11:30",3,,
전공(공공인재대학/아동학과),232045,01,아동미술,박영아,목12:30-15:30,3,,
전공(공공인재대학/아동학과),232045,02,아동미술,김형연,화10:00-13:00,3,,
전공(공공인재대학/아동학과),234011,01,보육과정,최경,"화10:00-11:30,금11:30-13:00",3,,
전공(공공인재대학/아동학과),234012,01,아동관찰및행동연구,이혜원,"월11:30-13:00,수10:00-11:30",3,,
전공(공공인재대학/아동학과),234012,02,아동관찰및행동연구,손지향,금13:30-16:30,3,,
전공(공공인재대학/아동학과),234014,01,놀이지도,김영희,"화13:30-15:00,목10:00-11:30",3,,
전공(공공인재대학/아동학과),234022,01,아동동작,박영아,"화10:00-11:30,금10:00-11:30",3,,
전공(공공인재대학/아동학과),234023,01,아동수학지도,최경,목09:30-12:30,3,,
전공(공공인재대학/아동학과),234023,02,아동수학지도,김형연,화13:30-16:30,3,,
전공(공공인재대학/아동학과),235006,01,영유아교수방법론,이혜원,"월10:00-11:30,화12:00-13:30",3,,
전공(공공인재대학/아동학과),235006,02,영유아교수방법론,신지현,목14:30-17:30,3,,
전공(공공인재대학/아동학과),235017,01,부모교육론,김영희,수11:30-14:30,3,,
전공(공공인재대학/아동학과),232023,01,보육실습,이혜원,금10:30-13:30,3,,
전공(공공인재대학/미디어커뮤니케이션학과),211159,01,휴먼커뮤니케이션,조수선,"월13:30-15:00,목11:30-13:00",3,,
전공(공공인재대학/미디어커뮤니케이션학과),215003,01,미디어의이해,이용준,"화13:30-15:00,목13:30-15:00",3,,
전공(공공인재대학/미디어커뮤니케이션학과),215003,02,미디어의이해,이용준,"화15:30-17:00,목15:30-17:00",3,,
전공(공공인재대학/미디어커뮤니케이션학과),232500,01,미디어커뮤니케이션입문,황지원,"월11:30-13:00,수11:30-13:00",3,,
전공(공공인재대학/미디어커뮤니케이션학과),214011,01,출판과전자책,이용준,"수11:30-13:00,금12:00-13:30",3,,
전공(공공인재대학/미디어커뮤니케이션학과),215004,01,비주얼커뮤니케이션제작,이예지,월09:30-13:30,3,,
전공(공공인재대학/미디어커뮤니케이션학과),215008,01,PR론,김태양,수13:30-16:30,3,,
전공(공공인재대학/미디어커뮤니케이션학과),215008,02,PR론,황지원,"월15:30-17:00,수10:00-11:30",3,,
전공(공공인재대학/미디어커뮤니케이션학과),215008,03,PR론,김태양,수20:30-21:20,3,,
전공(공공인재대학/미디어커뮤니케이션학과),215018,01,스포츠와데이터저널리즘의이해,이정훈,"월13:30-15:00,금10:00-11:30",3,,
전공(공공인재대학/미디어커뮤니케이션학과),215030,01,영상제작프로젝트,김연성,화09:30-13:30,3,,
전공(공공인재대학/미디어커뮤니케이션학과),215030,02,영상제작프로젝트,김연성,화13:30-17:30,3,,
전공(공공인재대학/미디어커뮤니케이션학과),214017,01,미디어조사방법론,이정훈,"수11:30-13:00,목11:30-13:00",3,,
전공(공공인재대학/미디어커뮤니케이션학과),214017,02,미디어조사방법론,이정훈,"수14:00-15:30,금12:00-13:30",3,,
전공(공공인재대학/미디어커뮤니케이션학과),215010,01,광고전략기획,조재현,"월10:00-11:30,화10:00-11:30",3,,
전공(공공인재대학/미디어커뮤니케이션학과),215010,02,광고전략기획,조재현,"월13:30-15:00,화13:30-15:00",3,,
전공(공공인재대학/미디어커뮤니케이션학과),215012,01,모바일콘텐츠제작,이예지,월13:30-17:30,3,,
전공(공공인재대학/미디어커뮤니케이션학과),215022,01,문화콘텐츠,조수선,"월11:30-13:00,목13:30-15:00",3,,
전공(공공인재대학/미디어커뮤니케이션학과),215022,02,문화콘텐츠,조수선,"화11:30-13:00,금10:00-11:30",3,,
전공(공공인재대학/미디어커뮤니케이션학과),215028,01,광고와사회,조재현,"수10:00-11:30,목10:00-11:30",3,,
전공(공공인재대학/미디어커뮤니케이션학과),214019,01,광고홍보실습,조재현,수13:30-17:30,3,,
전공(공공인재대학/미디어커뮤니케이션학과),232501,01,취창업세미나(미디어커뮤니케이션),김태양,목13:30-16:30,3,,
전공(공공인재대학/문헌정보학과),221004,01,문헌정보학개론,장인호,수13:30-16:30,3,,
전공(공공인재대학/문헌정보학과),222001,01,고전자료의이해,유부현,"화12:00-13:30,목09:30-11:00",3,,
전공(공공인재대학/문헌정보학과),225007,01,지식정보사회론,문헌강사1,월14:30-17:30,3,,
전공(공공인재대학/문헌정보학과),225024,01,학교도서관경영의이해,심효정,"수11:30-13:00,목13:30-15:00",3,,
전공(공공인재대학/문헌정보학과),221005,01,문헌분류론,윤현수,"월14:00-15:30,화15:30-17:00",3,,
전공(공공인재대학/문헌정보학과),221005,02,문헌분류론,윤현수,"월15:30-17:00,화14:00-15:30",3,,
전공(공공인재대학/문헌정보학과),222005,01,서지학(문헌학)개론,유부현,"월12:00-13:30,금09:30-11:00",3,,
전공(공공인재대학/문헌정보학과),222501,01,데이터사이언스의이해,송민선,"화10:00-11:30,목13:30-15:00",3,,
전공(공공인재대학/문헌정보학과),225010,01,도서관정보센터경영이론,최지영,수09:30-12:30,3,,
전공(공공인재대학/문헌정보학과),222026,01,고서감정법,유부현,"월09:30-11:00,화09:30-11:00",3,,
전공(공공인재대학/문헌정보학과),222044,01,자료조직연습,최지영,수13:30-16:30,3,,
전공(공공인재대학/문헌정보학과),225013,01,데이터큐레이션,송민선,"월11:30-13:00,수11:30-13:00",3,,
전공(공공인재대학/문헌정보학과),225014,01,도서관정보센터경영실무,심효정,"화13:30-15:00,금10:00-11:30",3,,
전공(공공인재대학/문헌정보학과),222087,01,도서관실습,심효정,"화15:30-17:30,금11:30-13:30",3,,
전공(공공인재대학/문헌정보학과),222503,01,데이터베이스운영론,송민선,"화11:30-13:00,목11:30-13:00",3,,
전공(공공인재대학/문헌정보학과),222504,01,취창업세미나(문헌정보),송민선,월14:30-17:30,3,,
전공(공공인재대학/문헌정보학과),225017,01,도서관정책론,이정호,목14:30-17:30,3,,
전공(공공인재대학/문헌정보학과),225026,01,캡스톤디자인(지역사회와공공도서관),심효정,수13:30-17:30,3,,
전공(보건과학대학/의생명과학과),742500,01,의생명과학입문,홍승택,"월15:30-17:00,목15:30-17:00",3,,
전공(보건과학대학/의생명과학과),744027,01,인체조직학및실험,김호,"화11:30-13:30,수11:30-13:30",3,,
전공(보건과학대학/의생명과학과),744027,02,인체조직학및실험,김호,"목11:30-13:30,금11:30-13:30",3,,
전공(보건과학대학/의생명과학과),741104,01,세포생물학,장종수,"월13:30-15:00,목13:30-15:00",3,,
전공(보건과학대학/의생명과학과),742087,01,면역학,김호,"월10:00-11:30,화14:00-15:30",3,,
전공(보건과학대학/의생명과학과),742601,01,유기화학기초,홍승택,"월11:30-13:00,수15:30-17:00",3,,
전공(보건과학대학/의생명과학과),742602,01,화학분석,채원석,목10:00-13:00,3,,
전공(보건과학대학/의생명과학과),744011,01,동물비교형태학및실험,배윤환,"화11:30-13:30,수13:30-15:30",3,,
전공(보건과학대학/의생명과학과),744029,01,보건환경생물학,김용재,"화10:00-11:30,수10:00-11:30",3,,
전공(보건과학대학/의생명과학과),741043,01,생태학및실험,김용재,"월15:30-17:30,수15:30-17:30",3,,
전공(보건과학대학/의생명과학과),742012,01,발생학,김호,"월11:30-13:00,화16:00-17:30",3,,
전공(보건과학대학/의생명과학과),744032,01,의학보건독성학,배윤환,"화14:00-15:30,목10:00-11:30",3,,
전공(보건과학대학/의생명과학과),741046,01,미생물학및실험,장종수,"화09:30-11:30,금09:30-11:30",3,,
전공(보건과학대학/의생명과학과),744017,01,조류와자원,김용재,"화15:30-17:30,목09:30-10:30",3,,
전공(보건과학대학/의생명과학과),744025,01,종양생물학,김호,"월14:00-15:30,목14:00-15:30",3,,
전공(보건과학대학/간호학과),771002,01,간호학개론,양화미,목13:30-15:30,2,,
전공(보건과학대학/간호학과),771002,02,간호학개론,양화미,목15:30-17:30,2,,
전공(보건과학대학/간호학과),771003,01,심리학의이해,김수미,월11:30-13:30,2,,
전공(보건과학대학/간호학과),771003,02,심리학의이해,김수미,월13:30-15:30,2,,
전공(보건과학대학/간호학과),771069,01,다문화의이해,강순남,수09:30-11:30,2,,
전공(보건과학대학/간호학과),771069,02,다문화의이해,강순남,수11:30-13:30,2,,
전공(보건과학대학/간호학과),771009,01,인간관계와의사소통,김수미,화11:30-13:30,2,,
전공(보건과학대학/간호학과),771009,02,인간관계와의사소통,김수미,화13:30-15:30,2,,
전공(보건과학대학/간호학과),771011,01,병원미생물학,김미리,수13:30-15:30,2,,
전공(보건과학대학/간호학과),771011,02,병원미생물학,김미리,수11:30-13:30,2,,
전공(보건과학대학/간호학과),771015,01,간호와영양,구민경,목14:30-15:30,1,,
전공(보건과학대학/간호학과),771070,01,비판적사고와간호과정,오영경,금09:30-11:30,2,,
전공(보건과학대학/간호학과),771070,02,비판적사고와간호과정,오영경,금11:30-13:30,2,,
전공(보건과학대학/간호학과),771081,01,보완대체요법,구민경,목15:30-16:30,1,,
전공(보건과학대학/간호학과),771084,01,기본간호학Ⅰ,구민경,월09:30-11:30,2,,
전공(보건과학대학/간호학과),771084,02,기본간호학Ⅰ,구민경,월11:30-13:30,2,,
전공(보건과학대학/간호학과),771085,01,기본간호학실습Ⅰ,구민경,화09:30-11:30,1,,
전공(보건과학대학/간호학과),771085,02,기본간호학실습Ⅰ,오수일,수11:30-13:30,1,,
전공(보건과학대학/간호학과),771085,03,기본간호학실습Ⅰ,장경민,목09:30-11:30,1,,
전공(보건과학대학/간호학과),771085,04,기본간호학실습Ⅰ,장경민,목11:30-13:30,1,,
전공(보건과학대학/간호학과),771085,05,기본간호학실습Ⅰ,구민경,금09:30-11:30,1,,
전공(보건과학대학/간호학과),772501,01,해부생리학Ⅱ,김미리,화13:30-15:30,2,,
전공(보건과학대학/간호학과),772501,02,해부생리학Ⅱ,김미리,화11:30-13:30,2,,
전공(보건과학대학/간호학과),771027,01,성인간호학2,이정실,월11:30-13:30,2,,
전공(보건과학대학/간호학과),771027,02,성인간호학2,이정실,수11:30-13:30,2,,
전공(보건과학대학/간호학과),771028,01,여성건강간호학1,김성희,목09:30-12:30,3,,
전공(보건과학대학/간호학과),771028,02,여성건강간호학1,김성희,화09:30-12:30,3,,
전공(보건과학대학/간호학과),771029,01,아동간호학2,홍정민,금09:30-11:30,2,,
전공(보건과학대학/간호학과),771029,02,아동간호학2,홍정민,월11:30-13:30,2,,
전공(보건과학대학/간호학과),771030,01,정신간호학1,김재희,화09:30-12:30,3,,
전공(보건과학대학/간호학과),771030,02,정신간호학1,김재희,목09:30-12:30,3,,
전공(보건과학대학/간호학과),771031,01,보건교육,류현숙,수09:30-11:30,2,,
전공(보건과학대학/간호학과),771032,01,성인간호학실습1,이정실,목13:30-19:15,2,,
전공(보건과학대학/간호학과),771032,02,성인간호학실습1,이정실,월13:30-19:15,2,,
전공(보건과학대학/간호학과),771032,03,성인간호학실습1,이정실,금11:30-17:30,2,,
전공(보건과학대학/간호학과),771033,01,여성건강간호학실습1,김성희,수11:30-17:30,2,,
전공(보건과학대학/간호학과),771033,02,여성건강간호학실습1,김성희,금11:30-17:30,2,,
전공(보건과학대학/간호학과),771033,03,여성건강간호학실습1,김성희,화13:30-19:15,2,,
전공(보건과학대학/간호학과),771034,01,아동간호학실습1,홍정민,금11:30-17:30,2,,
전공(보건과학대학/간호학과),771034,02,아동간호학실습1,홍정민,화13:30-19:15,2,,
전공(보건과학대학/간호학과),771034,03,아동간호학실습1,홍정민,월13:30-19:15,2,,
전공(보건과학대학/간호학과),772502,01,건강증진과정책,류현숙,월09:30-11:30,2,,
전공(보건과학대학/간호학과),771024,01,간호정보학,장경민,금12:30-13:30,1,,
전공(보건과학대학/간호학과),771024,02,간호정보학,장경민,금11:30-12:30,1,,
전공(보건과학대학/간호학과),771047,01,성인간호학4,강정희,월09:30-11:30,2,,
전공(보건과학대학/간호학과),771047,02,성인간호학4,강정희,목11:30-13:30,2,,
전공(보건과학대학/간호학과),771048,01,지역사회간호학2,류현숙,월11:30-14:30,3,,
전공(보건과학대학/간호학과),771048,02,지역사회간호학2,류현숙,화09:30-12:30,3,,
전공(보건과학대학/간호학과),771052,01,시뮬레이션실습2,홍정민,목11:30-13:30,1,,
전공(보건과학대학/간호학과),771052,02,시뮬레이션실습2,오영경,목11:30-13:30,1,,
전공(보건과학대학/간호학과),771052,03,시뮬레이션실습2,홍정민,목09:30-11:30,1,,
전공(보건과학대학/간호학과),771052,04,시뮬레이션실습2,이정실,목09:30-11:30,1,,
전공(보건과학대학/간호학과),771052,05,시뮬레이션실습2,이정실,금09:30-11:30,1,,
전공(보건과학대학/간호학과),771053,01,성인간호학실습3,강정희,화13:30-19:15,2,,
전공(보건과학대학/간호학과),771053,02,성인간호학실습3,강정희,수13:30-19:15,2,,
전공(보건과학대학/간호학과),771053,03,성인간호학실습3,강정희,목13:30-19:15,2,,
전공(보건과학대학/간호학과),771058,01,지역사회간호학실습1,류현숙,금14:30-17:30,1,,
전공(보건과학대학/간호학과),771058,02,지역사회간호학실습1,류현숙,화13:30-16:30,1,,
전공(보건과학대학/간호학과),771058,03,지역사회간호학실습1,류현숙,수13:30-16:30,1,,
전공(보건과학대학/간호학과),771062,01,정신간호학실습2,김재희,수09:30-12:30,1,,
전공(보건과학대학/간호학과),771062,02,정신간호학실습2,김재희,목13:30-16:30,1,,
전공(보건과학대학/간호학과),771062,03,정신간호학실습2,김재희,월11:30-14:30,1,,
전공(보건과학대학/간호학과),771064,01,노인간호학실습,양화미,월15:30-18:25,1,,
전공(보건과학대학/간호학과),771064,02,노인간호학실습,양화미,금14:30-17:30,1,,
전공(보건과학대학/간호학과),771064,03,노인간호학실습,양화미,수16:30-19:15,1,,
전공(보건과학대학/간호학과),771065,01,노인간호학,양화미,화11:30-12:30,1,,
전공(보건과학대학/간호학과),771065,02,노인간호학,양화미,월09:30-10:30,1,,
전공(보건과학대학/간호학과),771077,01,간호관리학Ⅰ,양화미,화09:30-11:30,2,,
전공(보건과학대학/간호학과),771077,02,간호관리학Ⅰ,양화미,수09:30-11:30,2,,
전공(보건과학대학/간호학과),771080,01,호스피스간호,장경민,수12:30-13:30,1,,
전공(보건과학대학/간호학과),771082,01,상담이론과실제,김수미,금13:30-14:30,1,,
전공(보건과학대학/간호학과),772601,01,안전과간호,양화미,금11:30-12:30,1,,
전공(보건과학대학/간호학과),772601,02,안전과간호,양화미,금12:30-13:30,1,,
전공(보건과학대학/스포츠건강과학과),761003,01,체육원리,김흥태,"화10:00-11:30,수13:30-15:00",3,,
전공(보건과학대학/스포츠건강과학과),762500,01,건강과운동의이해,김흥태,"화15:30-17:00,수12:00-13:30",3,,
전공(보건과학대학/스포츠건강과학과),762601,01,플로어볼지도법,김세웅,월11:30-14:30,2,,
전공(보건과학대학/스포츠건강과학과),762601,02,플로어볼지도법,김세웅,월14:30-17:30,2,,
전공(보건과학대학/스포츠건강과학과),764025,01,스포츠생리학,안근희,"화13:30-15:00,목13:30-15:00",3,,
전공(보건과학대학/스포츠건강과학과),764032,01,건강생활과구기스포츠,김흥태,금09:30-12:30,2,,
전공(보건과학대학/스포츠건강과학과),762005,01,운동처방론,안근희,"월13:30-15:00,금09:30-11:00",3,,
전공(보건과학대학/스포츠건강과학과),762011,01,전문실기I,김세웅,화11:30-14:30,2,,
전공(보건과학대학/스포츠건강과학과),762011,02,전문실기I,김세웅,화14:30-17:30,2,,
전공(보건과학대학/스포츠건강과학과),762501,01,웨이트트레이닝Ⅰ,김세웅,수09:30-12:30,2,,
전공(보건과학대학/스포츠건강과학과),764028,01,스포츠실기지도법,김흥태,목09:30-12:30,2,,
전공(보건과학대학/스포츠건강과학과),764028,02,스포츠실기지도법,김흥태,목13:30-16:30,2,,
전공(보건과학대학/스포츠건강과학과),764037,01,스포츠건강윤리,김세웅,"월09:30-11:00,화09:30-11:00",3,,
전공(보건과학대학/스포츠건강과학과),762022,01,운동역학,윤영선,"월13:30-15:00,수12:00-13:30",3,,
전공(보건과학대학/스포츠건강과학과),762025,01,스포츠의학,안근희,월17:30-18:25,3,,
전공(보건과학대학/스포츠건강과학과),762602,01,AI와스포츠데이터분석실습,윤영선,"월09:30-11:30,수09:30-11:30",3,,
전공(보건과학대학/스포츠건강과학과),764036,01,수영및하계건강스포츠실습,윤영선,"목14:30-16:30,금11:30-12:30",2,,
전공(보건과학대학/스포츠건강과학과),762052,01,스포츠철학및문화사,윤영선,"월11:30-12:30,목11:30-13:30",3,,
전공(보건과학대학/스포츠건강과학과),764016,01,체육정책및행정론,김흥태,화19:15-20:05,3,,
전공(보건과학대학/스포츠건강과학과),764040,01,캡스톤디자인(퍼스널트레이닝지도및실습),안근희,"월09:30-11:30,목09:30-11:30",3,,
전공(보건과학대학/식품영양학과),752053,01,식품영양학개론,최진희,월13:30-15:30,2,,
전공(보건과학대학/식품영양학과),752066,01,제과제빵실습,남세현,화10:30-13:30,2,,
전공(보건과학대학/식품영양학과),752001,01,인체생리학,식품강사1,"월13:30-15:00,화10:00-11:30",3,,
전공(보건과학대학/식품영양학과),752002,01,식품분석및실험,주신윤,"화11:30-13:30,금11:30-13:30",3,,
전공(보건과학대학/식품영양학과),752020,01,유기화학,최진희,"월15:30-17:00,목14:00-15:30",3,,
전공(보건과학대학/식품영양학과),752037,01,지역사회영양학,최경숙,"월12:00-13:30,목12:00-13:30",3,,
전공(보건과학대학/식품영양학과),754013,01,외국조리실습,주신윤,수14:30-17:30,2,,
전공(보건과학대학/식품영양학과),751006,01,영양학I,식품강사1,"화13:30-15:00,금11:30-13:00",3,,
전공(보건과학대학/식품영양학과),751007,01,식품화학I,주신윤,"수10:00-11:30,금10:00-11:30",3,,
전공(보건과학대학/식품영양학과),752016,01,조리과학및실험,주신윤,"수11:30-13:30,목13:30-15:30",3,,
전공(보건과학대학/식품영양학과),752016,02,조리과학및실험,주신윤,"화09:30-11:30,목11:30-13:30",3,,
전공(보건과학대학/식품영양학과),752034,01,식품가공및저장학,최진희,"수14:00-15:30,목10:00-11:30",3,,
전공(보건과학대학/식품영양학과),752038,01,영양판정및실험,최경숙,"화11:30-13:30,목15:30-17:30",3,,
전공(보건과학대학/식품영양학과),752017,01,영양교육및상담실습,이희정,화13:30-17:30,3,,
전공(보건과학대학/식품영양학과),752040,01,임상영양학,식품강사1,"월11:30-13:00,목10:00-11:30",3,,
전공(보건과학대학/식품영양학과),752051,01,발효식품학,최진희,수09:30-11:30,2,,
전공(보건과학대학/식품영양학과),754014,01,캡스톤디자인(식품영양),최경숙,월13:30-17:30,3,,
전공(보건과학대학/보건경영학과),755001,01,의학용어(1),이은미,"화12:00-13:30,목12:00-13:30",3,,
전공(보건과학대학/보건경영학과),755002,01,보건학,이윤경,"수09:30-11:00,금09:30-11:00",3,,
전공(보건과학대학/보건경영학과),755003,01,보건행정학,김동하,"화14:00-15:30,목14:00-15:30",3,,
전공(보건과학대학/보건경영학과),755007,01,의료병리학,이은미,"월12:00-13:30,수12:00-13:30",3,,
전공(보건과학대학/보건경영학과),755008,01,병원경영학,김동하,"월09:30-11:00,금09:30-11:00",3,,
전공(보건과학대학/보건경영학과),755009,01,보건의료통계,이윤경,"화09:30-11:30,목09:30-11:30",3,,
전공(보건과학대학/보건경영학과),755010,01,의료의질관리,손정연,목11:30-13:30,2,,
전공(보건과학대학/보건경영학과),755011,01,보건의료커뮤니케이션,손정연,목13:30-15:30,2,,
전공(보건과학대학/보건경영학과),755017,01,병원회계,이윤경,"화12:00-13:30,목12:00-13:30",3,,
전공(보건과학대학/보건경영학과),755018,01,병원마케팅,강희원,금09:30-11:30,2,,
전공(보건과학대학/보건경영학과),755019,01,질병및의료행위분류,이은미,"화09:30-11:30,목09:30-11:30",2,,
전공(보건과학대학/보건경영학과),755020,01,보건의료조직관리,강희원,월09:30-11:30,2,,
전공(보건과학대학/보건경영학과),755021,01,의무기록전사,양지연,금13:30-15:30,2,,
전공(보건과학대학/보건경영학과),755022,01,보건사업관리,김동하,월11:30-13:30,2,,
전공(보건과학대학/보건경영학과),755029,01,보건의료법,강희원,"월12:00-13:30,수12:00-13:30",3,,
전공(보건과학대학/보건경영학과),755030,01,의무기록정보분석실무,이은미,"월09:30-11:30,수09:30-11:30",3,,
전공(보건과학대학/보건경영학과),755031,01,보건의료정보관리실무,양지연,금09:30-13:30,3,,
전공(보건과학대학/보건경영학과),755033,01,역학및건강증진,강희원,화13:30-15:30,2,,
전공(보건과학대학/보건경영학과),757500,01,캡스톤디자인(보건프로그램개발및평가),김동하,화10:00-13:00,2,,
전공(보건과학대학/데이터사이언스학과),716027,01,인공지능을위한수학Ⅱ,이정례,"화10:00-11:30,목10:00-11:30",3,,
전공(보건과학대학/에코응용화학전공),731016,01,유기화학실험,홍승택,목09:30-13:30,3,,
전공(보건과학대학/에코응용화학전공),732043,01,유기반응론,홍승택,"월13:30-15:00,목13:30-15:00",3,,
전공(보건과학대학/에코응용화학전공),732087,01,생화학,홍승택,"화10:00-11:30,수13:30-15:00",3,,
전공(보건과학대학/에코응용화학전공),734056,01,기능성소재학1,박성호,"월10:00-11:30,화11:30-13:00",3,,
전공(보건과학대학/에코응용화학전공),734061,01,바이오센서공학,홍승택,"화11:30-13:00,수11:30-13:00",3,,
전공(보건과학대학/에코응용화학전공),734063,01,FL:응용재료학,박성호,"월15:30-17:00,화10:00-11:30",3,,
전공(보건과학대학/에코응용화학전공),734067,01,생활화학제품제조학실습,채원석,수13:30-17:30,3,,
전공(AI융합대학/스마트모빌리티전공),650034,01,모빌리티수학Ⅰ,이민수,"수10:00-11:30,목11:30-13:00",3,,
전공(AI융합대학/스마트모빌리티전공),650034,02,모빌리티수학Ⅰ,이민수,"수11:30-13:00,목10:00-11:30",3,,
전공(AI융합대학/스마트모빌리티전공),652500,01,미래모빌리티,이민수,"화14:00-15:30,금10:00-11:30",3,,
전공(AI융합대학/스마트모빌리티전공),650005,01,융합프로그래밍언어Ⅰ,권성재,"월11:30-13:00,화11:30-13:00",3,,
전공(AI융합대학/스마트모빌리티전공),650037,01,스마트디지털공학Ⅰ,김종원,수09:30-13:30,3,,
전공(AI융합대학/스마트모빌리티전공),650038,01,스마트회로해석Ⅰ,김효구,월13:30-17:30,3,,
전공(AI융합대학/스마트모빌리티전공),652602,01,오픈소스SWⅠ,정인혜,"월10:00-11:30,화10:00-11:30",3,,
전공(AI융합대학/스마트모빌리티전공),650015,01,융합임베디드시스템Ⅰ,이관형,"월11:30-13:30,화11:30-13:30",3,,
전공(AI융합대학/스마트모빌리티전공),650016,01,데이터처리프로그램Ⅰ,스마강사11,"월14:00-15:30,화14:00-15:30",3,,
전공(AI융합대학/스마트모빌리티전공),650018,01,디지털HDL코딩,권성재,"월10:00-11:30,화10:00-11:30",3,,
전공(AI융합대학/스마트모빌리티전공),650020,01,융합전자회로실험Ⅰ,권성재,금09:30-13:30,3,,
전공(AI융합대학/스마트모빌리티전공),652606,01,드론항법시스템,이관형,"월15:30-17:30,목13:30-15:30",3,,
전공(AI융합대학/스마트모빌리티전공),652607,01,피지컬AIⅠ,스마강사11,"수14:00-15:30,목10:00-11:30",3,,
전공(AI융합대학/스마트모빌리티전공),650044,01,캡스톤디자인(모빌리티와융합IPⅠ),이관형,수13:30-17:30,3,,
전공(AI융합대학/스마트모빌리티전공),652611,01,드론매핑,이관형,목09:30-13:30,3,,
전공(AI융합대학/컴퓨터공학전공),565006,01,컴퓨터프로그래밍기초,정문성,"월09:30-11:00,수09:30-11:00",3,,
전공(AI융합대학/컴퓨터공학전공),565023,01,컴퓨터공학입문,장윤석,"월13:30-15:00,금13:30-15:00",3,,
전공(AI융합대학/컴퓨터공학전공),565023,02,컴퓨터공학입문,정문성,"월11:30-13:00,수11:30-13:00",3,,
전공(AI융합대학/컴퓨터공학전공),561103,01,자료구조,박정규,"월15:30-17:30,화11:30-13:30",3,,
전공(AI융합대학/컴퓨터공학전공),561103,02,자료구조,박정규,"수13:30-15:30,목13:30-15:30",3,,
전공(AI융합대학/컴퓨터공학전공),562601,01,iOS프로그래밍,박정규,"월10:00-11:30,화09:30-11:00",3,,
전공(AI융합대학/컴퓨터공학전공),562601,02,iOS프로그래밍,박정규,"월13:30-15:00,화13:30-15:00",3,,
전공(AI융합대학/컴퓨터공학전공),565010,01,논리회로및실습,장윤석,"월11:30-13:30,금11:30-13:30",3,,
전공(AI융합대학/컴퓨터공학전공),565010,02,논리회로및실습,장윤석,"월09:30-11:30,금09:30-11:30",3,,
전공(AI융합대학/컴퓨터공학전공),565011,01,자바프로그래밍,김정민,"월13:30-15:00,화15:30-17:00",3,,
전공(AI융합대학/컴퓨터공학전공),565011,02,자바프로그래밍,김정민,"수13:30-15:00,목13:30-15:00",3,,
전공(AI융합대학/컴퓨터공학전공),565017,01,프론트엔드웹디자인,김정민,"수09:30-11:00,목09:30-11:00",3,,
전공(AI융합대학/컴퓨터공학전공),565017,02,프론트엔드웹디자인,김정민,"수15:30-17:00,목15:30-17:00",3,,
전공(AI융합대학/컴퓨터공학전공),561041,01,운영체제론,이시진,"월10:00-11:30,목10:00-11:30",3,,
전공(AI융합대학/컴퓨터공학전공),561041,02,운영체제론,이시진,"월13:30-15:00,목13:30-15:00",3,,
전공(AI융합대학/컴퓨터공학전공),561052,01,컴퓨터알고리즘,박정규,"수11:30-13:00,목11:30-13:00",3,,
전공(AI융합대학/컴퓨터공학전공),561052,02,컴퓨터알고리즘,박정규,"수15:30-17:00,목15:30-17:00",3,,
전공(AI융합대학/컴퓨터공학전공),562062,01,데이터베이스론,신판섭,"수10:00-11:30,금10:00-11:30",3,,
전공(AI융합대학/컴퓨터공학전공),562062,02,데이터베이스론,신판섭,"수13:30-15:00,금13:30-15:00",3,,
전공(AI융합대학/컴퓨터공학전공),562136,01,게임프로그래밍,김정민,"월15:30-17:30,화13:30-15:30",3,,
전공(AI융합대학/컴퓨터공학전공),565012,01,임베디드시스템응용,장윤석,화09:30-12:30,3,,
전공(AI융합대학/컴퓨터공학전공),562076,01,분산.객체시스템설계,신판섭,"화09:30-11:30,목09:30-11:30",3,,
전공(AI융합대학/컴퓨터공학전공),562076,02,분산.객체시스템설계,신판섭,"화13:30-15:30,목13:30-15:30",3,,
전공(AI융합대학/컴퓨터공학전공),565014,01,리눅스시스템,이시진,"수13:30-15:30,금13:30-15:30",3,,
전공(AI융합대학/컴퓨터공학전공),565014,02,리눅스시스템,이시진,"수09:30-11:30,금09:30-11:30",3,,
전공(AI융합대학/AI빅데이터전공),567032,01,AI빅데이터와융합IP,정종진,목13:30-16:30,3,,
전공(AI융합대학/AI빅데이터전공),567034,01,컴퓨터프로그래밍(C언어),유승호,목09:30-12:30,3,,
전공(AI융합대학/AI빅데이터전공),567005,01,데이터기반프로그래밍(2),김승현,"수09:30-11:30,금09:30-11:30",3,,
전공(AI융합대학/AI빅데이터전공),567006,01,프론트엔드웹설계,홍명덕,월13:30-17:30,3,,
전공(AI융합대학/AI빅데이터전공),567007,01,빅데이터분석입문,서혜선,화09:30-13:30,3,,
전공(AI융합대학/AI빅데이터전공),567008,01,데이터구조의이해,손방용,화13:30-16:30,3,,
전공(AI융합대학/AI빅데이터전공),567016,01,엣지컴퓨팅,김종원,수13:30-17:30,3,,
전공(AI융합대학/AI빅데이터전공),567018,01,빅데이터수리통계,손방용,목10:00-13:00,3,,
전공(AI융합대학/AI빅데이터전공),567020,01,플랫폼OS,이현구,화11:30-14:30,3,,
전공(AI융합대학/AI빅데이터전공),567036,01,대용량데이터베이스설계,유승호,목13:30-17:30,3,,
전공(AI융합대학/AI빅데이터전공),567502,01,오픈소스소프트웨어응용,김승현,"월15:30-17:30,화09:30-11:30",3,,
전공(AI융합대학/AI빅데이터전공),567601,01,드론영상비정형데이터AI분석,서혜선,월09:30-13:30,3,,
전공(AI융합대학/AI빅데이터전공),567027,01,캡스톤디자인(빅데이터분석),김승현,월09:30-13:30,3,,
전공(AI융합대학/AI빅데이터전공),567028,01,딥러닝의이해및실습,정종진,수13:30-16:30,3,,
전공(AI융합대학/AI빅데이터전공),567029,01,서버구축관리,김승현,"화15:30-17:30,수11:30-13:30",3,,
전공(AI융합대학/국방드론융합전공),697001,01,무인기조종제어,스마강사11,"월15:30-17:30,화15:30-17:30",3,,
전공(AI융합대학/국방드론융합전공),697002,01,탐색적데이터분석,김승현,"월13:30-15:30,화13:30-15:30",3,,
전공(AI융합대학/국방드론융합전공),697003,01,현대무기체계론,이성진,"목15:30-17:00,금14:00-15:30",3,,
전공(AI융합대학/국방드론융합전공),697005,01,캡스톤디자인(항공비행제어시스템),스마강사11,수09:30-13:30,3,,
전공(AI융합대학/국방드론융합전공),697009,01,지형영상촬영제작,스마강사11,금09:30-13:30,3,,
전공(AI융합대학/스마트융합보안학과),577500,01,융합산업보안론,박현호,수09:30-12:30,3,,
전공(AI융합대학/스마트융합보안학과),577501,01,이산수학구조론,이성진,"화10:00-11:30,목10:00-11:30",3,,
전공(AI융합대학/스마트융합보안학과),577502,01,SW프로그래밍Ⅰ,김자원,"월13:30-15:30,목13:30-15:30",3,,
전공(AI융합대학/스마트융합보안학과),576007,01,데이터구조,김자원,"화13:30-15:30,수11:30-13:30",3,,
전공(AI융합대학/스마트융합보안학과),576009,01,현대암호학,이성진,"월10:00-11:30,금10:00-11:30",3,,
전공(AI융합대학/스마트융합보안학과),577505,01,운영체제와아키텍처,김자원,목17:30-18:25,3,,
전공(AI융합대학/스마트융합보안학과),577506,01,사이버보안,유동영,"목13:30-15:00,금13:30-15:00",3,,
전공(AI융합대학/스마트융합보안학과),576017,01,데이터베이스및보안,유동영,"수10:00-11:30,금12:00-13:30",3,,
전공(AI융합대학/스마트융합보안학과),576018,01,컴퓨터네트워크와보안,유동영,"월09:30-11:30,목09:30-11:30",3,,
전공(AI융합대학/스마트융합보안학과),576019,01,인공지능및보안,이성진,"화13:30-15:00,목13:30-15:00",3,,
전공(AI융합대학/스마트융합보안학과),576020,01,디지털포렌식,김자원,"월11:30-13:30,수13:30-15:30",3,,
전공(AI융합대학/스마트융합보안학과),576021,01,스마트물리보안,박현호,화09:30-12:30,3,,
전공(AI융합대학/스마트융합보안학과),576028,01,악성코드분석,유동영,"월12:00-13:30,수13:30-15:00",3,,
전공(AI융합대학/스마트융합보안학과),577512,01,SW오픈소스기초,정수경,목11:30-15:30,3,,
전공(AI융합대학/스마트융합보안학과),577604,01,캡스톤디자인(보안인증),김자원,"화11:30-13:30,목15:30-17:30",3,,
전공(AI융합대학/게임·콘텐츠융합전공),690001,01,게임기획과스토리텔링,미술강사1,화09:30-12:30,3,,
전공(AI융합대학/게임·콘텐츠융합전공),690008,01,캡스톤디자인(게임에셋활용),미술강사1,화13:30-17:30,3,,
전공(AI융합대학/지식재산창업융합전공),696000,01,창의지식재산소양,정종진,목09:30-12:30,3,,
전공(AI융합대학/지식재산창업융합전공),696001,01,기업가정신과창업,김형민,"월15:30-17:00,수14:00-15:30",3,,
전공(AI융합대학/지식재산창업융합전공),696004,01,창의발명아이디어,김현동,"월15:30-17:00,수15:30-17:00",3,,
전공(AI융합대학/지식재산창업융합전공),696005,01,디자인씽킹과비즈니스모델링,임재민,"화14:00-15:30,목15:30-17:00",3,,
전공(AI융합대학/지식재산창업융합전공),696006,01,미래산업트렌드,임재민,"화15:30-17:00,목14:00-15:30",3,,
전공(AI융합대학/지식재산창업융합전공),696010,01,창의BM지식재산,조기헌,금11:30-14:30,3,,
전공(AI융합대학/지식재산창업융합전공),696011,01,테크노·소셜·아트프러너십,김형민,"월14:00-15:30,수15:30-17:00",3,,
전공(AI융합대학/의료IT융합전공),620047,01,의료영상및헬스케어시스템,권성재,목14:00-17:00,3,,
전공(공과대학/반도체융합공학과),682500,01,반도체융합공학입문,백경갑,"수10:00-11:30,목10:00-11:30",3,,
전공(공과대학/반도체융합공학과),682501,01,반도체기초과학,나현석,"화13:30-15:30,목12:30-13:30",3,,
전공(공과대학/반도체융합공학과),682505,01,디지털논리시스템,백경갑,"수11:30-13:00,목11:30-13:00",3,,
전공(공과대학/반도체융합공학과),682506,01,전기자기학,이정재,"화11:30-13:00,금11:30-13:00",3,,
전공(공과대학/반도체융합공학과),682507,01,고체전자재료,주성후,월14:00-17:00,3,,
전공(공과대학/반도체융합공학과),682508,01,회로이론및해석1,김남선,"화13:30-15:00,수13:30-15:00",3,,
전공(공과대학/반도체융합공학과),682509,01,기초반도체공학실험Ⅰ,백경갑,목13:30-17:30,3,,
전공(공과대학/반도체융합공학과),682601,01,AI응용프로그래밍실습,김영헌,"수10:00-11:30,목10:00-11:30",3,,
전공(공과대학/전기차핵심기술융합전공),530015,01,코딩의기초,박범수,금13:30-16:30,3,,
전공(공과대학/전기차핵심기술융합전공),530003,01,전기전자공학개론,김철민,"월14:00-15:30,수11:30-13:00",3,,
전공(공과대학/전기차핵심기술융합전공),530004,01,에너지저장소재부품개론,정현택,금10:00-13:00,3,,
전공(공과대학/전기차핵심기술융합전공),530007,01,전력변환공학,김철민,"월11:30-13:00,목10:00-11:30",3,,
전공(공과대학/전기차핵심기술융합전공),530008,01,에너지소재공학,배병철,화18:25-19:15,3,,
전공(공과대학/전기차핵심기술융합전공),530011,01,전기차전력변환시스템설계,박범수,목13:30-17:30,3,,
전공(공과대학/전기차핵심기술융합전공),530012,01,탄소재료공학,이주형,수18:25-19:15,3,,
전공(공과대학/건축공학과),542500,01,건축공학입문,강경모,목14:00-17:00,3,,
전공(공과대학/건축공학과),542048,01,건축재료,심상락,금10:00-13:00,3,,
전공(공과대학/건축공학과),542090,01,건축구조역학I,정주홍,"월10:00-11:30,수10:00-11:30",3,,
전공(공과대학/건축공학과),542091,01,서양건축사I,곽동엽,월15:30-18:25,3,,
전공(공과대학/건축공학과),542602,01,건축설계기초Ⅱ,이민협,화09:30-13:30,3,,
전공(공과대학/건축공학과),544005,01,건축계획,나인혜,목10:30-13:30,3,,
전공(공과대학/건축공학과),545007,01,기초건축공학설계Ⅰ,심상락,화13:30-17:30,3,,
전공(공과대학/건축공학과),545007,02,기초건축공학설계Ⅰ,건축강사1,목13:30-17:30,3,,
전공(공과대학/건축공학과),545008,01,건축환경공학Ⅰ,강경모,"월11:30-13:00,수11:30-13:00",3,,
전공(공과대학/건축공학과),542095,01,건축시공,심상락,"월10:00-11:30,수10:00-11:30",3,,
전공(공과대학/건축공학과),542606,01,생성형AI건축정보모델링,김민석,화09:30-13:30,3,,
전공(공과대학/건축공학과),545016,01,철근콘크리트구조Ⅰ,정주홍,"월11:30-13:00,수11:30-13:00",3,,
전공(공과대학/건축공학과),545017,01,건축설비Ⅰ,강경모,"월13:30-15:00,목11:30-13:00",3,,
전공(공과대학/건축공학과),545028,01,캡스톤디자인(건축공학설계Ⅰ),유무영,수13:30-17:30,3,,
전공(공과대학/건축공학과),545028,02,캡스톤디자인(건축공학설계Ⅰ),강경모,수13:30-17:30,3,,
전공(공과대학/건축공학과),542071,01,철골구조,정주홍,월13:30-16:30,3,,
전공(공과대학/건축공학과),542507,01,생태건축,건축강사2,화13:30-17:30,3,,
전공(공과대학/건축공학과),542509,01,건설사업관리Ⅱ,유무영,"월10:00-11:30,수10:00-11:30",3,,
전공(공과대학/건축공학과),542510,01,취창업세미나(건축공학),건축강사1,목10:00-13:00,3,,
전공(공과대학/건축공학과),545030,01,캡스톤디자인(건축공학종합설계Ⅰ),류동우,수13:30-17:30,3,,
전공(공과대학/건축공학과),545030,02,캡스톤디자인(건축공학종합설계Ⅰ),정주홍,수13:30-17:30,3,,
전공(공과대학/스마트건설환경공학과),672500,01,스마트건설환경공학의이해,유상균,"수10:00-11:30,목10:00-11:30",3,,
전공(공과대학/스마트건설환경공학과),672501,01,스마트건설환경공학개론,신동철,"수11:30-13:00,목11:30-13:00",3,,
전공(공과대학/스마트건설환경공학과),672502,01,스마트기초응용설계Ⅰ,양동우,화09:30-13:30,3,,
전공(공과대학/스마트건설환경공학과),672502,02,스마트기초응용설계Ⅰ,양동우,화13:30-17:30,3,,
전공(공과대학/스마트건설환경공학과),672505,01,도시계획개론,유상균,금10:00-13:00,3,,
전공(공과대학/스마트건설환경공학과),672506,01,단지계획및설계,백인길,월09:30-13:30,3,,
전공(공과대학/스마트건설환경공학과),672507,01,교통인프라계획,배기목,"화10:00-11:30,목10:00-11:30",3,,
전공(공과대학/스마트건설환경공학과),672508,01,스마트콘크리트공학및실험,박승호,목13:30-17:30,3,,
전공(공과대학/스마트건설환경공학과),672509,01,수리학기초및실험Ⅰ,장창환,"화15:30-17:30,수15:30-17:30",3,,
전공(공과대학/스마트건설환경공학과),672510,01,재료역학,김홍기,월14:00-17:00,3,,
전공(공과대학/스마트건설환경공학과),672511,01,물순환과수질오염,신동철,"화13:30-15:00,수13:30-15:00",3,,
전공(공과대학/스마트건설환경공학과),672512,01,대기오염과기후변화,박원석,수10:00-13:00,3,,
전공(공과대학/데이터경영산업공학과),612500,01,데이터경영산업공학개론,김훈태,"월14:00-15:30,화11:30-13:00",3,,
전공(공과대학/데이터경영산업공학과),612601,01,AI활용창의실습,최재호,"화13:30-15:30,목13:30-15:30",3,,
전공(공과대학/데이터경영산업공학과),612056,01,공학회계,최재호,"월14:00-15:30,금14:00-15:30",3,,
전공(공과대학/데이터경영산업공학과),612092,01,컴퓨터프로그래밍실습,신기태,"화11:30-13:30,수09:30-11:30",3,,
전공(공과대학/데이터경영산업공학과),615028,01,생산프로세스이해,김훈태,"수11:30-13:30,금11:30-13:30",3,,
전공(공과대학/데이터경영산업공학과),615029,01,인공지능개론및실습,오용희,"화13:30-15:30,금09:30-11:30",3,,
전공(공과대학/데이터경영산업공학과),611045,01,인간공학,최재호,"화11:30-13:00,목11:30-13:00",3,,
전공(공과대학/데이터경영산업공학과),612037,01,생산계획및통제,김훈태,"월11:30-13:00,화14:00-15:30",3,,
전공(공과대학/데이터경영산업공학과),612076,01,작업분석및설계,오용희,"수10:00-11:30,목10:00-11:30",3,,
전공(공과대학/데이터경영산업공학과),612102,01,정보컴퓨터교과교육론,신기태,월16:30-19:15,3,,
전공(공과대학/데이터경영산업공학과),612603,01,기업데이터베이스,신기태,"월10:00-11:30,화10:00-11:30",3,,
전공(공과대학/데이터경영산업공학과),615019,01,정보컴퓨터교과교재연구및지도법,백창화,수09:30-12:30,3,,
전공(공과대학/데이터경영산업공학과),612064,01,기업정보시스템,신기태,"월11:30-13:00,목10:00-11:30",3,,
전공(공과대학/데이터경영산업공학과),615020,01,캡스톤디자인(생산시스템),오용희,목13:30-17:30,3,,
전공(공과대학/IT기계공학과),571010,01,기계제도및CAD,권혁홍,화13:30-17:30,3,,
전공(공과대학/IT기계공학과),571010,02,기계제도및CAD,권혁홍,목13:30-17:30,3,,
전공(공과대학/IT기계공학과),572500,01,IT기계공학입문,원현우,"화10:00-11:30,목10:00-11:30",3,,
전공(공과대학/IT기계공학과),574019,01,기계창의공학설계입문,김정수,월09:30-12:30,3,,
전공(공과대학/IT기계공학과),571001,01,고체역학I,원현우,"월10:00-11:30,목11:30-13:00",3,,
전공(공과대학/IT기계공학과),572027,01,기계공작법,권혁홍,"목10:00-11:30,금13:30-15:00",3,,
전공(공과대학/IT기계공학과),572029,01,열역학,구본승,"수11:30-13:00,금11:30-13:00",3,,
전공(공과대학/IT기계공학과),572065,01,공학수학I,김봉진,"수10:00-11:30,금10:00-11:30",3,,
전공(공과대학/IT기계공학과),574010,01,3DCAD실습II,구본승,화09:30-13:30,3,,
전공(공과대학/IT기계공학과),574010,02,3DCAD실습II,구본승,수13:30-17:30,3,,
전공(공과대학/IT기계공학과),575008,01,창의기계와지식재산,김정수,월13:30-16:30,2,,
전공(공과대학/IT기계공학과),575011,01,파이썬프로그램실습,김봉진,화13:30-17:30,3,,
전공(공과대학/IT기계공학과),575014,01,자동차학개론,원현우,목13:30-16:30,3,,
전공(공과대학/IT기계공학과),571041,01,기계진동학,정규홍,"월10:00-11:30,금10:00-11:30",3,,
전공(공과대학/IT기계공학과),572081,01,메카트로닉스및실습,정규홍,수09:30-13:30,3,,
전공(공과대학/IT기계공학과),574012,01,CAE및실습,구본승,월13:30-17:30,3,,
전공(공과대학/IT기계공학과),575012,01,임베디드프로그램실습,정규홍,목09:30-13:30,3,,
전공(공과대학/IT기계공학과),575012,02,임베디드프로그램실습,정규홍,목13:30-17:30,3,,
전공(공과대학/IT기계공학과),572090,01,유압공학,정규홍,"월13:30-15:00,금11:30-13:00",3,,
전공(공과대학/IT기계공학과),575010,01,캡스톤디자인(기계공학),원현우,수09:30-13:30,3,,
전공(공과대학/IT기계공학과),575010,02,캡스톤디자인(기계공학),원현우,수13:30-17:30,3,,
전공(공과대학/전자공학과),525076,01,기초창의공학설계,백경갑,화09:30-13:30,3,,
전공(공과대학/전자공학과),525071,01,컴퓨터시뮬레이션,김남선,"월15:30-17:00,수15:30-17:00",3,,
전공(공과대학/전자공학과),525078,01,회로이론1,김남선,"월11:30-13:00,화11:30-13:00",3,,
전공(공과대학/전자공학과),525082,01,기초전자공학실험I,백경갑,금13:30-17:30,3,,
전공(공과대학/전자공학과),525095,01,IT고급프로그래밍,김영헌,"수11:30-13:00,목11:30-13:00",3,,
전공(공과대학/전자공학과),525048,01,전자회로I,백경갑,금10:00-13:00,3,,
전공(공과대학/전자공학과),525050,01,통신공학,김남선,"화15:30-17:00,목15:30-17:00",3,,
전공(공과대학/전자공학과),525051,01,제어공학,여희주,"화13:30-15:00,목13:30-15:00",3,,
전공(공과대학/전자공학과),525052,01,컴퓨터구조,정목근,"수11:30-13:00,목11:30-13:00",3,,
전공(공과대학/전자공학과),525053,01,디지털회로실험및설계,여희주,수13:30-17:30,3,,
전공(공과대학/전자공학과),525054,01,공업교과교육론,한지영,화17:30-20:05,3,,
전공(공과대학/전자공학과),525065,01,임베디드시스템설계,정목근,화13:30-17:30,3,,
전공(공과대학/전자공학과),525066,01,응용전자공학실험및설계,정목근,화09:30-13:30,3,,
전공(공과대학/전자공학과),525091,01,캡스톤디자인(전자공학Ⅰ),정목근,금09:30-13:30,3,,
전공(공과대학/신소재공학과),581042,01,전자재료공학,주성후,목15:30-18:25,3,,
전공(공과대학/신소재공학과),584024,01,표면화학,안재우,"월13:30-15:00,화15:30-17:00",3,,
전공(공과대학/신소재공학과),584025,01,물리금속,황승준,"수13:30-15:00,금13:30-15:00",3,,
전공(공과대학/신소재공학과),584030,01,결정구조분석,나현석,금09:30-13:30,3,,
전공(공과대학/신소재공학과),584031,01,기초물리화학,이명복,"수10:00-11:30,목10:00-11:30",3,,
전공(공과대학/신소재공학과),581004,01,재료강도학,황승준,금10:00-13:00,3,,
전공(공과대학/신소재공학과),582010,01,세라믹공학실험,나현석,목13:30-17:30,3,,
전공(공과대학/신소재공학과),582091,01,재료특성분석,주성후,수15:30-18:25,3,,
전공(공과대학/신소재공학과),582005,01,금속재료,황승준,수10:00-13:00,3,,
전공(공과대학/신소재공학과),582019,01,전자재료공학실험,주성후,화13:30-17:30,3,,
전공(공과대학/신소재공학과),585012,01,캡스톤디자인(신소재Ⅱ),주성후,화09:30-13:30,3,,
전공(공과대학/건축학전공),542081,01,한국건축사,나인혜,목13:30-16:30,3,,
전공(공과대학/건축학전공),544022,01,현대건축론,윤희철,"화13:30-15:00,수11:30-13:00",3,,
전공(공과대학/건축학전공),544030,01,캡스톤디자인(건축설계Ⅲ-1),전병권,"화11:30-13:30,금09:30-11:30",3,,
전공(공과대학/건축학전공),544030,02,캡스톤디자인(건축설계Ⅲ-1),고영빈,월13:30-17:30,3,,
전공(공과대학/건축학전공),544031,01,캡스톤디자인(건축설계Ⅲ-2),전병권,목09:30-13:30,3,,
전공(공과대학/건축학전공),544031,02,캡스톤디자인(건축설계Ⅲ-2),문지선,수13:30-17:30,3,,
전공(공과대학/건축학전공),544024,01,설계실무,전병권,수17:30-19:15,2,,
전공(공과대학/건축학전공),544034,01,캡스톤디자인(종합건축설계Ⅰ-1),곽동엽,"화11:30-13:30,수11:30-13:30",3,,
전공(공과대학/건축학전공),544034,02,캡스톤디자인(종합건축설계Ⅰ-1),윤희철,월09:30-13:30,3,,
전공(공과대학/건축학전공),544035,01,캡스톤디자인(종합건축설계Ⅰ-2),곽동엽,목09:30-13:30,3,,
전공(공과대학/건축학전공),544035,02,캡스톤디자인(종합건축설계Ⅰ-2),윤희철,금09:30-13:30,3,,
전공(공과대학/스마트시티융합전공),547008,01,스마트시공,김민석,화13:30-16:30,3,,
전공(공과대학/스마트시티융합전공),547018,01,캡스톤디자인(GIS프로그래밍응용),이혜진,수13:30-17:30,3,,
전공(공과대학/스마트시티융합전공),547013,01,스마트건설안전,이혜진,수09:30-12:30,3,,
전공(공과대학/스마트시티융합전공),547015,01,스마트구조설계,정주홍,화09:30-13:30,3,,
전공(공과대학/스마트시티융합전공),547021,01,스마트교통공학개론,김동선,금10:00-13:00,3,,
전공(공과대학/스마트시티융합전공),547022,01,스마트도로공학,이강일,"월16:00-17:30,금13:30-15:00",3,,
전공(공과대학/스마트시티융합전공),547023,01,스마트대중교통,배기목,"화14:00-15:30,목11:30-13:00",3,,
전공(공과대학/스마트시티전공),660013,01,도로용량및서비스수준분석,김동선,"월10:00-11:30,화10:00-11:30",3,,
전공(공과대학/스마트시티전공),660014,01,교통체계분석,배기목,"화11:30-13:00,수10:00-11:30",3,,
전공(공과대학/스마트시티전공),660015,01,스마트시티관계법규,이지은,월11:30-14:30,3,,
전공(공과대학/스마트시티전공),660016,01,공공데이터기반공간분석실습,유상균,목13:30-17:30,3,,
전공(공과대학/스마트시티전공),660017,01,스마트도시설계실습,백인길,목09:30-13:30,3,,
전공(공과대학/스마트시티전공),660020,01,스마트시티와도시개발,이지은,화13:30-16:30,3,,
전공(공과대학/스마트시티전공),660023,01,자율적지능형교통체계,김동선,"화11:30-13:00,수09:30-11:00",3,,
전공(공과대학/스마트시티전공),660024,01,공공교통시스템,배기목,월10:00-13:00,3,,
전공(공과대학/스마트시티전공),660034,01,캡스톤디자인(스마트도시계획실습Ⅱ),유상균,수13:30-17:30,3,,
전공(공과대학/토목공학전공),631058,01,수문학,신재환,"화13:30-15:00,목13:30-15:00",3,,
전공(공과대학/토목공학전공),632051,01,구조역학I,김용직,화09:30-12:30,3,,
전공(공과대학/토목공학전공),632064,01,암반역학,이강일,수09:30-12:30,3,,
전공(공과대학/토목공학전공),632066,01,토질역학원론및연습,김윤희,월11:30-15:30,3,,
전공(공과대학/토목공학전공),635013,01,철근콘크리트공학,이정배,목09:30-12:30,3,,
전공(공과대학/토목공학전공),631057,01,도로공학,이강일,,3,,
전공(공과대학/토목공학전공),632085,01,기초공학,김동주,금11:30-14:30,3,,
전공(공과대학/토목공학전공),635015,01,건설안전공학,김홍기,월10:00-13:00,3,,
전공(공과대학/토목공학전공),635016,01,강구조공학설계,문일환,수13:30-16:30,3,,
전공(공과대학/토목공학전공),635018,01,수자원공학설계,신재환,"화15:30-17:30,목15:30-17:30",3,,
전공(공과대학/환경에너지공학전공),551031,01,환경미생물학,김명운,"화10:00-11:30,수10:00-11:30",3,,
전공(공과대학/환경에너지공학전공),552059,01,환경화학,김명운,"목10:00-11:30,금10:00-11:30",3,,
전공(공과대학/환경에너지공학전공),552019,01,수질오염공학,신동철,"월10:00-11:30,화11:30-13:00",3,,
전공(공과대학/환경에너지공학전공),552036,01,환경미생물학실험,김명운,화13:30-17:30,3,,
전공(공과대학/환경에너지공학전공),552057,01,환경영향평가,김명운,월09:30-13:30,3,,
전공(공과대학/환경에너지공학전공),552060,01,환경수문학,이재엽,목09:30-12:30,3,,
전공(공과대학/환경에너지공학전공),554008,01,토양오염복원설계,신동철,목13:30-17:30,3,,
전공(공과대학/환경에너지공학전공),555021,01,대기환경분석실험,박원석,수13:30-17:30,3,,
전공(공과대학/환경에너지공학전공),555024,01,물질및에너지수지,신동철,월13:30-17:30,3,,
전공(공과대학/환경에너지공학전공),555025,01,캡스톤디자인(환경에너지공학Ⅰ),김명운,목13:30-17:30,3,,
전공(공과대학/전기공학과),511001,01,기초창의적공학설계,김철민,화13:30-17:30,3,,
전공(공과대학/전기공학과),512500,01,전기의세계,김종수,"화11:30-13:00,목11:30-13:00",3,,
전공(공과대학/전기공학과),522002,01,회로이론I,김남준,"화10:00-11:30,수10:00-11:30",3,,
전공(공과대학/전기공학과),522023,01,전자기학I,김종호,수14:30-17:30,3,,
전공(공과대학/전기공학과),525105,01,프로그래밍언어1,김종수,수17:30-18:25,3,,
전공(공과대학/전기공학과),525106,01,기초회로실험,정택근,목09:30-13:30,3,,
전공(공과대학/전기공학과),525106,02,기초회로실험,정택근,목13:30-17:30,3,,
전공(공과대학/전기공학과),522601,01,AI활용마이크로컨트롤러응용,김종수,목13:30-17:30,3,,
전공(공과대학/전기공학과),525020,01,전기기기I,김남준,"수11:30-13:00,금11:30-13:00",3,,
전공(공과대학/전기공학과),525111,01,능동소자물성공학,전기강사2,"수10:00-11:30,금10:00-11:30",3,,
전공(공과대학/전기공학과),525113,01,전력공학,차준민,"월10:00-11:30,화10:00-11:30",3,,
전공(공과대학/전기공학과),525124,01,전기설비설계,전기강사2,월13:30-17:30,3,,
전공(공과대학/전기공학과),525040,01,고전압대전력공학,전기강사2,"월10:00-11:30,목11:30-13:00",3,,
전공(공과대학/전기공학과),525119,01,전력전자공학Ⅱ,김남준,"월11:30-13:30,화11:30-13:30",3,,
전공(공과대학/전기공학과),525129,01,캡스톤디자인(전기Ⅰ),차준민,수11:30-15:30,3,,
전공(공과대학/전기공학과),525133,01,발전공학,차준민,"수10:00-11:30,금10:00-11:30",3,,
전공(공과대학/화학공학과),511002,01,화학공학개론,박귀남,화13:30-16:30,3,,
전공(공과대학/화학공학과),512501,01,지속가능한화학공학의이해,배병철,"수13:30-15:00,목13:30-15:00",3,,
전공(공과대학/화학공학과),601021,01,화공물리화학,배병철,화17:30-18:25,3,,
전공(공과대학/화학공학과),602020,01,유기화학,배병철,"목10:00-11:30,금13:30-15:00",3,,
전공(공과대학/화학공학과),602602,01,공업수학(화학공학),이주형,"수13:30-15:00,금10:00-11:30",3,,
전공(공과대학/화학공학과),605020,01,화공기초실습,김용렬,화13:30-17:30,3,,
전공(공과대학/화학공학과),605021,01,나노재료공학,정현택,"수10:00-11:30,목13:30-15:00",3,,
전공(공과대학/화학공학과),601023,01,화공열역학,이주형,"월10:00-11:30,수10:00-11:30",3,,
전공(공과대학/화학공학과),602604,01,고분자합성,이주형,화10:00-13:00,3,,
전공(공과대학/화학공학과),602605,01,유무기복합소재이론및응용,이주형,월13:30-17:30,3,,
전공(공과대학/화학공학과),605024,01,공정유체역학,정현택,"화13:30-15:00,목10:00-11:30",3,,
전공(공과대학/화학공학과),605026,01,화학공정실험,김용렬,수13:30-17:30,3,,
전공(공과대학/화학공학과),605042,01,화학반응공학Ⅰ,정현택,,3,,
전공(공과대학/화학공학과),602501,01,취창업세미나(화학공학),화학강사1,목13:30-16:30,3,,
전공(공과대학/화학공학과),605040,01,유무기응용화학이론및실험,배병철,월13:30-17:30,3,,
전공(미래평생교육융합대학/휴먼케어평생교육학과(야)),275002,01,평생교육론,송성숙,수18:00-20:30,3,,
전공(미래평생교육융합대학/휴먼케어평생교육학과(야)),275038,01,장애인복지론,함현진,수20:30-23:00,3,,
전공(미래평생교육융합대학/휴먼케어평생교육학과(야)),275039,01,행정학원론,신미애,토16:00-18:50,3,,
전공(미래평생교육융합대학/휴먼케어평생교육학과(야)),275047,01,청소년문화,김대겸,화18:00-20:30,3,,
전공(미래평생교육융합대학/휴먼케어평생교육학과(야)),275008,01,평생교육프로그램개발론,송성숙,토13:00-16:00,3,,
전공(미래평생교육융합대학/휴먼케어평생교육학과(야)),275034,01,공기업론,신미애,토13:00-16:00,3,,
전공(미래평생교육융합대학/휴먼케어평생교육학과(야)),275049,01,청소년복지,김경식,목18:00-20:30,3,,
전공(미래평생교육융합대학/휴먼케어평생교육학과(야)),275018,01,평생교육실습,송성숙,화18:00-21:20,3,,
전공(미래평생교육융합대학/휴먼케어평생교육학과(야)),275052,01,청소년심리및상담,서향리,화20:30-23:00,3,,
전공(미래평생교육융합대학/휴먼케어평생교육학과(야)),275020,01,지역사회교육론,송성숙,토09:30-12:30,3,,
전공(미래평생교육융합대학/휴먼케어평생교육학과(야)),275020,02,지역사회교육론,김대겸,월20:30-23:00,3,,
전공(미래평생교육융합대학/휴먼케어평생교육학과(야)),275044,01,자원봉사론,김후년,수18:00-20:30,3,,
전공(미래평생교육융합대학/휴먼케어평생교육학과(야)),275054,01,청소년프로그램개발과평가,김경식,목20:30-23:00,3,,
전공(미래평생교육융합대학/실버복지상담학과(야)),276001,01,사회복지학개론,함현진,토09:30-12:30,3,,
전공(미래평생교육융합대학/실버복지상담학과(야)),276002,01,상담심리학,신미애,수18:00-20:30,3,,
전공(미래평생교육융합대학/실버복지상담학과(야)),276004,01,사회복지와인권,김후년,토13:00-16:00,3,,
전공(미래평생교육융합대학/실버복지상담학과(야)),276024,01,뇌와치매,김후년,토16:00-18:50,3,,
전공(미래평생교육융합대학/실버복지상담학과(야)),276013,01,사회복지정책론,신미애,토09:30-12:30,3,,
전공(미래평생교육융합대학/실버복지상담학과(야)),276034,01,건강가정론,김후년,수20:30-23:00,3,,
전공(미래평생교육융합대학/실버복지상담학과(야)),276021,01,이상심리,함현진,수18:00-20:30,3,,
전공(미래평생교육융합대학/실버복지상담학과(야)),276029,01,노인요양보호론,유선희,토13:00-16:00,3,,
전공(미래평생교육융합대학/드론산업학과(야)),272602,01,회전익UAV초급운용및실습,한규정,토13:00-17:00,3,,
전공(미래평생교육융합대학/드론산업학과(야)),272605,01,프로그램기초,한규정,토09:30-12:30,3,,
전공(미래평생교육융합대학/드론산업학과(야)),272606,01,비가시권계기비행기초,한규정,토17:00-20:30,3,,
전공(국제협력대학/한국학과),871001,01,심화한국어1,손혜진,화16:00-18:50,3,,
전공(국제협력대학/한국학과),871002,01,학업한국어기초듣기,최재민,금10:00-13:00,3,,
전공(국제협력대학/한국학과),871002,02,학업한국어기초듣기,김수종,금10:00-13:00,3,,
전공(국제협력대학/한국학과),871002,03,학업한국어기초듣기,공하림,월09:30-12:30,3,,
전공(국제협력대학/한국학과),871003,01,학업한국어기초말하기,김효은,목10:00-13:00,3,,
전공(국제협력대학/한국학과),871003,02,학업한국어기초말하기,김소희,목10:00-13:00,3,,
전공(국제협력대학/한국학과),871003,03,학업한국어기초말하기,공하림,월13:00-16:00,3,,
전공(국제협력대학/한국학과),871004,01,학업한국어기초쓰기,김효은,목14:00-17:00,3,,
전공(국제협력대학/한국학과),871004,02,학업한국어기초쓰기,김소희,목14:00-17:00,3,,
전공(국제협력대학/한국학과),871005,01,학업한국어기초읽기,최재민,금14:00-17:00,3,,
전공(국제협력대학/한국학과),871005,02,학업한국어기초읽기,김수종,금14:00-17:00,3,,
전공(국제협력대학/한국학과),871006,01,심화한국어2,공하림,화16:00-18:50,3,,
전공(국제협력대학/한국학과),871007,01,학업한국어기초문법,공하림,월16:00-18:50,3,,
전공(국제협력대학/한국학과),871007,02,학업한국어기초문법,공하림,화09:30-12:30,3,,
전공(국제협력대학/한국학과),871010,01,한국의생활문화와언어,공하림,화13:00-16:00,3,,
전공(국제협력대학/한국학과),872601,01,한국어와한국문화초급1,손혜진,화09:30-12:30,3,,
전공(국제협력대학/한국학과),872602,01,한국어와한국문화초급2,손혜진,화13:00-16:00,3,,
전공(국제협력대학/한국학과),872602,02,한국어와한국문화초급2,손혜진,월09:30-12:30,3,,
전공(국제협력대학/한국학과),872603,01,한국어와한국문화초급3,손혜진,월13:00-16:00,3,,
전공(국제협력대학/한국학과),872604,01,한국어와한국문화초급4,손혜진,월16:00-18:50,3,,
전공(국제협력대학/한국학과),872605,01,한국어와한국문화중급1,김민경,목09:30-12:30,3,,
전공(국제협력대학/한국학과),872606,01,한국어와한국문화중급2,김민경,목13:00-16:00,3,,
전공(국제협력대학/한국학과),872607,01,한국어와한국문화중급3,김연희,금09:30-12:30,3,,
전공(국제협력대학/한국학과),872608,01,한국어와한국문화중급4,김연희,금13:00-16:00,3,,
전공(국제협력대학/한국학과),871008,01,K-POP한국어,이선형,화10:00-13:00,3,,
전공(국제협력대학/한국학과),871008,02,K-POP한국어,김수종,화10:00-13:00,3,,
전공(국제협력대학/한국학과),871009,01,드라마·예능한국어,이선형,화14:00-17:00,3,,
전공(국제협력대학/한국학과),871009,02,드라마·예능한국어,김수종,화14:00-17:00,3,,
전공(국제협력대학/한국학과),871011,01,학업한국어듣기,신영선,월10:00-13:00,3,,
전공(국제협력대학/한국학과),871011,02,학업한국어듣기,김선미,월10:00-13:00,3,,
전공(국제협력대학/한국학과),871011,03,학업한국어듣기,최재민,월10:00-13:00,3,,
전공(국제협력대학/한국학과),871011,04,학업한국어듣기,주재환,수09:30-12:30,3,,
전공(국제협력대학/한국학과),871012,01,학업한국어말하기,김선미,금10:00-13:00,3,,
전공(국제협력대학/한국학과),871012,02,학업한국어말하기,이선형,금10:00-13:00,3,,
전공(국제협력대학/한국학과),871012,03,학업한국어말하기,신영선,목10:00-13:00,3,,
전공(국제협력대학/한국학과),871012,04,학업한국어말하기,주재환,수13:00-16:00,3,,
전공(국제협력대학/한국학과),871013,01,학업한국어쓰기,김선미,금14:00-17:00,3,,
전공(국제협력대학/한국학과),871013,02,학업한국어쓰기,이선형,금14:00-17:00,3,,
전공(국제협력대학/한국학과),871013,03,학업한국어쓰기,신영선,목14:00-17:00,3,,
전공(국제협력대학/한국학과),871013,04,학업한국어쓰기,김민경,목16:00-18:50,3,,
전공(국제협력대학/한국학과),871014,01,학업한국어읽기,신영선,월14:00-17:00,3,,
전공(국제협력대학/한국학과),871014,02,학업한국어읽기,김선미,월14:00-17:00,3,,
전공(국제협력대학/한국학과),871014,03,학업한국어읽기,최재민,월14:00-17:00,3,,
전공(국제협력대학/한국학과),871014,04,학업한국어읽기,주재환,수16:00-18:50,3,,
전공(국제협력대학/한국학과),872500,01,비즈니스한국어1,김소희,화10:00-13:00,3,,
전공(국제협력대학/한국학과),872500,02,비즈니스한국어1,김민경,화10:00-13:00,3,,
전공(국제협력대학/한국학과),872500,03,비즈니스한국어1,김효은,화10:00-13:00,3,,
전공(국제협력대학/한국학과),872500,04,비즈니스한국어1,김연희,금16:00-18:50,3,,
전공(국제협력대학/한국학과),872501,01,비즈니스한국어2,김소희,화14:00-17:00,3,,
전공(국제협력대학/한국학과),872501,02,비즈니스한국어2,김민경,화14:00-17:00,3,,
전공(국제협력대학/한국학과),872501,03,비즈니스한국어2,김효은,화14:00-17:00,3,,
전공(국제협력대학/한국학과),872501,04,비즈니스한국어2,김민경,금16:00-18:50,3,,
전공(국제협력대학/한국학과),871015,01,한국의전통문화,김민경,금09:30-12:30,3,,
전공(국제협력대학/한국학과),871015,02,한국의전통문화,홍성목,목13:00-16:00,3,,
전공(국제협력대학/한국학과),871021,01,한국의현대문화,홍성목,목09:30-12:30,3,,
전공(국제협력대학/한국학과),871022,01,외국어로서의한국어이해교육법,공하림,월20:30-21:20,3,,
전공(국제협력대학/한국학과),871023,01,외국어로서의한국어문법교육론,김민경,금13:00-16:00,3,,
전공(국제협력대학/한국학과),871024,01,외국어로서의한국어표현교육법,공하림,화20:30-21:20,3,,
전공(국제협력대학/국제경영학과),872001,01,경영학의이해,김명진,목10:00-13:00,3,,
전공(국제협력대학/국제경영학과),872002,01,마케팅입문,김명진,목14:00-17:00,3,,
전공(국제협력대학/국제경영학과),872002,02,마케팅입문,홍성일,월10:00-13:00,3,,
전공(국제협력대학/국제경영학과),872003,01,조직행동개론,김명진,목17:00-19:40,3,,
전공(국제협력대학/국제경영학과),872004,01,경력관리론,홍성일,월14:00-17:00,3,,
전공(국제협력대학/국제경영학과),872005,01,국제서비스마케팅,이재훈,금14:00-17:00,3,,
전공(국제협력대학/국제경영학과),872006,01,국제인적자원관리,이재훈,금17:00-19:40,3,,
전공(국제협력대학/국제경영학과),872006,02,국제인적자원관리,대림이,목10:00-13:00,3,,
전공(국제협력대학/국제경영학과),872007,01,비즈니스잉글리쉬,이재훈,금10:00-13:00,3,,
전공(국제협력대학/국제경영학과),872008,01,글로벌마케팅이론,데니스,목10:00-13:00,3,,
전공(국제협력대학/국제경영학과),872008,02,글로벌마케팅이론,우스만,금10:00-13:00,3,,
전공(국제협력대학/국제경영학과),872009,01,국제통상환경론,데니스,목14:00-17:00,3,,
전공(국제협력대학/국제경영학과),872009,02,국제통상환경론,우스만,금14:00-17:00,3,,
전공(국제협력대학/국제경영학과),872010,01,비즈니스통계학,맹철규,월21:20-22:10,3,,
전공(국제협력대학/국제경영학과),872011,01,국제무역실무론,류승우,화10:00-13:00,3,,
전공(국제협력대학/국제경영학과),872011,02,국제무역실무론,심명섭,화10:00-13:00,3,,
전공(국제협력대학/국제경영학과),872012,01,E-Business,맹철규,화21:20-22:10,3,,
전공(국제협력대학/국제경영학과),872013,01,비즈니스창업론,맹철규,수21:20-22:10,3,,
전공(국제협력대학/국제경영학과),872014,01,글로벌기업분석,데니스,월17:00-19:40,3,,
전공(국제협력대학/국제경영학과),872014,02,글로벌기업분석,심명섭,월17:00-19:40,3,,
전공(국제협력대학/국제경영학과),872015,01,국제기업물류,데니스,월14:00-17:00,3,,
전공(국제협력대학/국제경영학과),872015,02,국제기업물류,심명섭,월14:00-17:00,3,,
전공(국제협력대학/국제경영학과),872017,01,글로벌경영전략,국제강사5,월10:00-13:00,3,,
전공(국제협력대학/국제경영학과),872017,02,글로벌경영전략,류승우,월10:00-13:00,3,,
전공(국제협력대학/국제경영학과),872017,03,글로벌경영전략,대림이,목14:00-17:00,3,,
전공(국제협력대학/국제경영학과),872018,01,글로벌생산및운영관리,국제강사5,월14:00-17:00,3,,
전공(국제협력대학/국제경영학과),872018,02,글로벌생산및운영관리,류승우,월14:00-17:00,3,,
전공(국제협력대학/국제경영학과),872019,01,글로벌CEO사례연구,대림이,수10:00-13:00,3,,
전공(국제협력대학/국제경영학과),877501,01,ESG경영학,데니스,월10:00-13:00,3,,
전공(국제협력대학/국제경영학과),877501,02,ESG경영학,심명섭,월10:00-13:00,3,,
전공(국제협력대학/국제경영학과),877502,01,국제통상정책이론,국제강사5,월17:00-19:40,3,,
전공(국제협력대학/국제경영학과),877502,02,국제통상정책이론,류승우,월17:00-19:40,3,,
전공(국제협력대학/국제경영학과),872023,01,국제경영성공사례,맹철규,월17:00-19:40,3,,
전공(국제협력대학/국제경영학과),872024,01,국제협상세미나,맹철규,월10:00-13:00,3,,
전공(국제협력대학/국제경영학과),872024,02,국제협상세미나,홍성일,월17:00-19:40,3,,
전공(국제협력대학/국제경영학과),877503,01,국제경제법,맹철규,월14:00-17:00,3,,
전공(상생교양대학/자율전공학부),302500,01,전공탐색및설계Ⅰ,임기태,금11:30-14:30,3,,
전공(상생교양대학/자율전공학부),302502,01,전공설계Ⅰ,임기태,목15:30-16:30,1,,
전공(상생교양대학/자율전공학부),302503,01,전공설계Ⅱ,임기태,목16:30-17:30,1,,
전공(상생교양대학/통일한국인재전공),362004,01,세계화와통일한국,정병화,화14:30-17:30,3,,
전공(상생교양대학/통일한국인재전공),362010,01,남북한경제의이해,박영민,수21:20-22:10,3,,
전공(상생교양대학/통일한국인재전공),362020,01,미중관계의국제정치,노병렬,금17:30-18:25,3,,
전공(상생교양대학/통일한국인재전공),362018,01,북한이탈주민연구,박영민,월14:30-17:30,3,,
전공(상생교양대학/통일한국인재전공),362021,01,통일인문독서,이철수,수14:30-17:30,3,,
전공(상생교양대학/통일한국인재전공),362022,01,통일한국사회복지,이철수,목14:30-17:30,3,,